Comunidades autónomas;Tipología penal;Periodos:;Total
TOTAL NACIONAL;I. CRIMINALIDAD CONVENCIONAL;enero-marzo 2023;480.101
TOTAL NACIONAL;I. CRIMINALIDAD CONVENCIONAL;enero-marzo 2024;484.467
TOTAL NACIONAL;I. CRIMINALIDAD CONVENCIONAL;Variación % 2024/2023;0,9
TOTAL NACIONAL;1. Homicidios dolosos y asesinatos consumados;enero-marzo 2023;85
TOTAL NACIONAL;1. Homicidios dolosos y asesinatos consumados;enero-marzo 2024;92
TOTAL NACIONAL;1. Homicidios dolosos y asesinatos consumados;Variación % 2024/2023;8,2
TOTAL NACIONAL;2. Homicidios dolosos y asesinatos en grado tentativa;enero-marzo 2023;275
TOTAL NACIONAL;2. Homicidios dolosos y asesinatos en grado tentativa;enero-marzo 2024;266
TOTAL NACIONAL;2. Homicidios dolosos y asesinatos en grado tentativa;Variación % 2024/2023;-3,3
TOTAL NACIONAL;3. Delitos graves y menos graves de lesiones y riña tumultuaria;enero-marzo 2023;5.687
TOTAL NACIONAL;3. Delitos graves y menos graves de lesiones y riña tumultuaria;enero-marzo 2024;6.242
TOTAL NACIONAL;3. Delitos graves y menos graves de lesiones y riña tumultuaria;Variación % 2024/2023;9,8
TOTAL NACIONAL;4. Secuestro;enero-marzo 2023;32
TOTAL NACIONAL;4. Secuestro;enero-marzo 2024;28
TOTAL NACIONAL;4. Secuestro;Variación % 2024/2023;-12,5
TOTAL NACIONAL;5. Delitos contra la libertad sexual;enero-marzo 2023;4.293
TOTAL NACIONAL;5. Delitos contra la libertad sexual;enero-marzo 2024;4.568
TOTAL NACIONAL;5. Delitos contra la libertad sexual;Variación % 2024/2023;6,4
TOTAL NACIONAL;5.1.-Agresión sexual con penetración;enero-marzo 2023;1.020
TOTAL NACIONAL;5.1.-Agresión sexual con penetración;enero-marzo 2024;1.138
TOTAL NACIONAL;5.1.-Agresión sexual con penetración;Variación % 2024/2023;11,6
TOTAL NACIONAL;5.2.-Resto de delitos contra la libertad sexual;enero-marzo 2023;3.273
TOTAL NACIONAL;5.2.-Resto de delitos contra la libertad sexual;enero-marzo 2024;3.430
TOTAL NACIONAL;5.2.-Resto de delitos contra la libertad sexual;Variación % 2024/2023;4,8
TOTAL NACIONAL;6. Robos con violencia e intimidación;enero-marzo 2023;15.378
TOTAL NACIONAL;6. Robos con violencia e intimidación;enero-marzo 2024;15.020
TOTAL NACIONAL;6. Robos con violencia e intimidación;Variación % 2024/2023;-2,3
TOTAL NACIONAL;7. Robos con fuerza en domicilios, establecimientos y otras instalaciones;enero-marzo 2023;32.094
TOTAL NACIONAL;7. Robos con fuerza en domicilios, establecimientos y otras instalaciones;enero-marzo 2024;30.621
TOTAL NACIONAL;7. Robos con fuerza en domicilios, establecimientos y otras instalaciones;Variación % 2024/2023;-4,6
TOTAL NACIONAL;7.1.-Robos con fuerza en domicilios;enero-marzo 2023;21.608
TOTAL NACIONAL;7.1.-Robos con fuerza en domicilios;enero-marzo 2024;20.872
TOTAL NACIONAL;7.1.-Robos con fuerza en domicilios;Variación % 2024/2023;-3,4
TOTAL NACIONAL;8. Hurtos;enero-marzo 2023;163.463
TOTAL NACIONAL;8. Hurtos;enero-marzo 2024;156.967
TOTAL NACIONAL;8. Hurtos;Variación % 2024/2023;-4,0
TOTAL NACIONAL;9. Sustracciones de vehículos;enero-marzo 2023;7.845
TOTAL NACIONAL;9. Sustracciones de vehículos;enero-marzo 2024;8.031
TOTAL NACIONAL;9. Sustracciones de vehículos;Variación % 2024/2023;2,4
TOTAL NACIONAL;10. Tráfico de drogas;enero-marzo 2023;4.927
TOTAL NACIONAL;10. Tráfico de drogas;enero-marzo 2024;5.045
TOTAL NACIONAL;10. Tráfico de drogas;Variación % 2024/2023;2,4
TOTAL NACIONAL;11. Resto de criminalidad convencional;enero-marzo 2023;246.022
TOTAL NACIONAL;11. Resto de criminalidad convencional;enero-marzo 2024;257.587
TOTAL NACIONAL;11. Resto de criminalidad convencional;Variación % 2024/2023;4,7
TOTAL NACIONAL;II. CIBERCRIMINALIDAD (infracciones penales cometidas en/por medio ciber);enero-marzo 2023;107.826
TOTAL NACIONAL;II. CIBERCRIMINALIDAD (infracciones penales cometidas en/por medio ciber);enero-marzo 2024;122.428
TOTAL NACIONAL;II. CIBERCRIMINALIDAD (infracciones penales cometidas en/por medio ciber);Variación % 2024/2023;13,5
TOTAL NACIONAL;12.-Estafas informáticas;enero-marzo 2023;96.482
TOTAL NACIONAL;12.-Estafas informáticas;enero-marzo 2024;110.268
TOTAL NACIONAL;12.-Estafas informáticas;Variación % 2024/2023;14,3
TOTAL NACIONAL;13.-Otros ciberdelitos;enero-marzo 2023;11.344
TOTAL NACIONAL;13.-Otros ciberdelitos;enero-marzo 2024;12.160
TOTAL NACIONAL;13.-Otros ciberdelitos;Variación % 2024/2023;7,2
TOTAL NACIONAL;III. TOTAL INFRACCIONES PENALES;enero-marzo 2023;587.927
TOTAL NACIONAL;III. TOTAL INFRACCIONES PENALES;enero-marzo 2024;606.895
TOTAL NACIONAL;III. TOTAL INFRACCIONES PENALES;Variación % 2024/2023;3,2
ANDALUCÍA;I. CRIMINALIDAD CONVENCIONAL;enero-marzo 2023;79.661
ANDALUCÍA;I. CRIMINALIDAD CONVENCIONAL;enero-marzo 2024;77.809
ANDALUCÍA;I. CRIMINALIDAD CONVENCIONAL;Variación % 2024/2023;-2,3
ANDALUCÍA;1. Homicidios dolosos y asesinatos consumados;enero-marzo 2023;22
ANDALUCÍA;1. Homicidios dolosos y asesinatos consumados;enero-marzo 2024;27
ANDALUCÍA;1. Homicidios dolosos y asesinatos consumados;Variación % 2024/2023;22,7
ANDALUCÍA;2. Homicidios dolosos y asesinatos en grado tentativa;enero-marzo 2023;63
ANDALUCÍA;2. Homicidios dolosos y asesinatos en grado tentativa;enero-marzo 2024;48
ANDALUCÍA;2. Homicidios dolosos y asesinatos en grado tentativa;Variación % 2024/2023;-23,8
ANDALUCÍA;3. Delitos graves y menos graves de lesiones y riña tumultuaria;enero-marzo 2023;1.072
ANDALUCÍA;3. Delitos graves y menos graves de lesiones y riña tumultuaria;enero-marzo 2024;1.171
ANDALUCÍA;3. Delitos graves y menos graves de lesiones y riña tumultuaria;Variación % 2024/2023;9,2
ANDALUCÍA;4. Secuestro;enero-marzo 2023;10
ANDALUCÍA;4. Secuestro;enero-marzo 2024;9
ANDALUCÍA;4. Secuestro;Variación % 2024/2023;-10,0
ANDALUCÍA;5. Delitos contra la libertad sexual;enero-marzo 2023;716
ANDALUCÍA;5. Delitos contra la libertad sexual;enero-marzo 2024;694
ANDALUCÍA;5. Delitos contra la libertad sexual;Variación % 2024/2023;-3,1
ANDALUCÍA;5.1.-Agresión sexual con penetración;enero-marzo 2023;128
ANDALUCÍA;5.1.-Agresión sexual con penetración;enero-marzo 2024;119
ANDALUCÍA;5.1.-Agresión sexual con penetración;Variación % 2024/2023;-7,0
ANDALUCÍA;5.2.-Resto de delitos contra la libertad sexual;enero-marzo 2023;588
ANDALUCÍA;5.2.-Resto de delitos contra la libertad sexual;enero-marzo 2024;575
ANDALUCÍA;5.2.-Resto de delitos contra la libertad sexual;Variación % 2024/2023;-2,2
ANDALUCÍA;6. Robos con violencia e intimidación;enero-marzo 2023;1.750
ANDALUCÍA;6. Robos con violencia e intimidación;enero-marzo 2024;1.818
ANDALUCÍA;6. Robos con violencia e intimidación;Variación % 2024/2023;3,9
ANDALUCÍA;7. Robos con fuerza en domicilios, establecimientos y otras instalaciones;enero-marzo 2023;4.977
ANDALUCÍA;7. Robos con fuerza en domicilios, establecimientos y otras instalaciones;enero-marzo 2024;4.785
ANDALUCÍA;7. Robos con fuerza en domicilios, establecimientos y otras instalaciones;Variación % 2024/2023;-3,9
ANDALUCÍA;7.1.-Robos con fuerza en domicilios;enero-marzo 2023;3.333
ANDALUCÍA;7.1.-Robos con fuerza en domicilios;enero-marzo 2024;3.297
ANDALUCÍA;7.1.-Robos con fuerza en domicilios;Variación % 2024/2023;-1,1
ANDALUCÍA;8. Hurtos;enero-marzo 2023;22.998
ANDALUCÍA;8. Hurtos;enero-marzo 2024;21.392
ANDALUCÍA;8. Hurtos;Variación % 2024/2023;-7,0
ANDALUCÍA;9. Sustracciones de vehículos;enero-marzo 2023;1.347
ANDALUCÍA;9. Sustracciones de vehículos;enero-marzo 2024;1.526
ANDALUCÍA;9. Sustracciones de vehículos;Variación % 2024/2023;13,3
ANDALUCÍA;10. Tráfico de drogas;enero-marzo 2023;1.124
ANDALUCÍA;10. Tráfico de drogas;enero-marzo 2024;1.047
ANDALUCÍA;10. Tráfico de drogas;Variación % 2024/2023;-6,9
ANDALUCÍA;11. Resto de criminalidad convencional;enero-marzo 2023;45.582
ANDALUCÍA;11. Resto de criminalidad convencional;enero-marzo 2024;45.292
ANDALUCÍA;11. Resto de criminalidad convencional;Variación % 2024/2023;-0,6
ANDALUCÍA;II. CIBERCRIMINALIDAD (infracciones penales cometidas en/por medio ciber);enero-marzo 2023;17.745
ANDALUCÍA;II. CIBERCRIMINALIDAD (infracciones penales cometidas en/por medio ciber);enero-marzo 2024;21.604
ANDALUCÍA;II. CIBERCRIMINALIDAD (infracciones penales cometidas en/por medio ciber);Variación % 2024/2023;21,7
ANDALUCÍA;12.-Estafas informáticas;enero-marzo 2023;15.705
ANDALUCÍA;12.-Estafas informáticas;enero-marzo 2024;19.064
ANDALUCÍA;12.-Estafas informáticas;Variación % 2024/2023;21,4
ANDALUCÍA;13.-Otros ciberdelitos;enero-marzo 2023;2.040
ANDALUCÍA;13.-Otros ciberdelitos;enero-marzo 2024;2.540
ANDALUCÍA;13.-Otros ciberdelitos;Variación % 2024/2023;24,5
ANDALUCÍA;III. TOTAL INFRACCIONES PENALES;enero-marzo 2023;97.406
ANDALUCÍA;III. TOTAL INFRACCIONES PENALES;enero-marzo 2024;99.413
ANDALUCÍA;III. TOTAL INFRACCIONES PENALES;Variación % 2024/2023;2,1
ARAGÓN;I. CRIMINALIDAD CONVENCIONAL;enero-marzo 2023;9.183
ARAGÓN;I. CRIMINALIDAD CONVENCIONAL;enero-marzo 2024;9.789
ARAGÓN;I. CRIMINALIDAD CONVENCIONAL;Variación % 2024/2023;6,6
ARAGÓN;1. Homicidios dolosos y asesinatos consumados;enero-marzo 2023;3
ARAGÓN;1. Homicidios dolosos y asesinatos consumados;enero-marzo 2024;3
ARAGÓN;1. Homicidios dolosos y asesinatos consumados;Variación % 2024/2023;0,0
ARAGÓN;2. Homicidios dolosos y asesinatos en grado tentativa;enero-marzo 2023;11
ARAGÓN;2. Homicidios dolosos y asesinatos en grado tentativa;enero-marzo 2024;5
ARAGÓN;2. Homicidios dolosos y asesinatos en grado tentativa;Variación % 2024/2023;-54,5
ARAGÓN;3. Delitos graves y menos graves de lesiones y riña tumultuaria;enero-marzo 2023;128
ARAGÓN;3. Delitos graves y menos graves de lesiones y riña tumultuaria;enero-marzo 2024;162
ARAGÓN;3. Delitos graves y menos graves de lesiones y riña tumultuaria;Variación % 2024/2023;26,6
ARAGÓN;4. Secuestro;enero-marzo 2023;0
ARAGÓN;4. Secuestro;enero-marzo 2024;0
ARAGÓN;4. Secuestro;Variación % 2024/2023;0,0
ARAGÓN;5. Delitos contra la libertad sexual;enero-marzo 2023;94
ARAGÓN;5. Delitos contra la libertad sexual;enero-marzo 2024;89
ARAGÓN;5. Delitos contra la libertad sexual;Variación % 2024/2023;-5,3
ARAGÓN;5.1.-Agresión sexual con penetración;enero-marzo 2023;22
ARAGÓN;5.1.-Agresión sexual con penetración;enero-marzo 2024;22
ARAGÓN;5.1.-Agresión sexual con penetración;Variación % 2024/2023;0,0
ARAGÓN;5.2.-Resto de delitos contra la libertad sexual;enero-marzo 2023;72
ARAGÓN;5.2.-Resto de delitos contra la libertad sexual;enero-marzo 2024;67
ARAGÓN;5.2.-Resto de delitos contra la libertad sexual;Variación % 2024/2023;-6,9
ARAGÓN;6. Robos con violencia e intimidación;enero-marzo 2023;237
ARAGÓN;6. Robos con violencia e intimidación;enero-marzo 2024;268
ARAGÓN;6. Robos con violencia e intimidación;Variación % 2024/2023;13,1
ARAGÓN;7. Robos con fuerza en domicilios, establecimientos y otras instalaciones;enero-marzo 2023;766
ARAGÓN;7. Robos con fuerza en domicilios, establecimientos y otras instalaciones;enero-marzo 2024;769
ARAGÓN;7. Robos con fuerza en domicilios, establecimientos y otras instalaciones;Variación % 2024/2023;0,4
ARAGÓN;7.1.-Robos con fuerza en domicilios;enero-marzo 2023;530
ARAGÓN;7.1.-Robos con fuerza en domicilios;enero-marzo 2024;573
ARAGÓN;7.1.-Robos con fuerza en domicilios;Variación % 2024/2023;8,1
ARAGÓN;8. Hurtos;enero-marzo 2023;2.607
ARAGÓN;8. Hurtos;enero-marzo 2024;2.821
ARAGÓN;8. Hurtos;Variación % 2024/2023;8,2
ARAGÓN;9. Sustracciones de vehículos;enero-marzo 2023;95
ARAGÓN;9. Sustracciones de vehículos;enero-marzo 2024;86
ARAGÓN;9. Sustracciones de vehículos;Variación % 2024/2023;-9,5
ARAGÓN;10. Tráfico de drogas;enero-marzo 2023;108
ARAGÓN;10. Tráfico de drogas;enero-marzo 2024;87
ARAGÓN;10. Tráfico de drogas;Variación % 2024/2023;-19,4
ARAGÓN;11. Resto de criminalidad convencional;enero-marzo 2023;5.134
ARAGÓN;11. Resto de criminalidad convencional;enero-marzo 2024;5.499
ARAGÓN;11. Resto de criminalidad convencional;Variación % 2024/2023;7,1
ARAGÓN;II. CIBERCRIMINALIDAD (infracciones penales cometidas en/por medio ciber);enero-marzo 2023;3.004
ARAGÓN;II. CIBERCRIMINALIDAD (infracciones penales cometidas en/por medio ciber);enero-marzo 2024;3.152
ARAGÓN;II. CIBERCRIMINALIDAD (infracciones penales cometidas en/por medio ciber);Variación % 2024/2023;4,9
ARAGÓN;12.-Estafas informáticas;enero-marzo 2023;2.678
ARAGÓN;12.-Estafas informáticas;enero-marzo 2024;2.845
ARAGÓN;12.-Estafas informáticas;Variación % 2024/2023;6,2
ARAGÓN;13.-Otros ciberdelitos;enero-marzo 2023;326
ARAGÓN;13.-Otros ciberdelitos;enero-marzo 2024;307
ARAGÓN;13.-Otros ciberdelitos;Variación % 2024/2023;-5,8
ARAGÓN;III. TOTAL INFRACCIONES PENALES;enero-marzo 2023;12.187
ARAGÓN;III. TOTAL INFRACCIONES PENALES;enero-marzo 2024;12.941
ARAGÓN;III. TOTAL INFRACCIONES PENALES;Variación % 2024/2023;6,2
ASTURIAS (PRINCIPADO DE);I. CRIMINALIDAD CONVENCIONAL;enero-marzo 2023;5.857
ASTURIAS (PRINCIPADO DE);I. CRIMINALIDAD CONVENCIONAL;enero-marzo 2024;6.031
ASTURIAS (PRINCIPADO DE);I. CRIMINALIDAD CONVENCIONAL;Variación % 2024/2023;3,0
ASTURIAS (PRINCIPADO DE);1. Homicidios dolosos y asesinatos consumados;enero-marzo 2023;2
ASTURIAS (PRINCIPADO DE);1. Homicidios dolosos y asesinatos consumados;enero-marzo 2024;1
ASTURIAS (PRINCIPADO DE);1. Homicidios dolosos y asesinatos consumados;Variación % 2024/2023;-50,0
ASTURIAS (PRINCIPADO DE);2. Homicidios dolosos y asesinatos en grado tentativa;enero-marzo 2023;2
ASTURIAS (PRINCIPADO DE);2. Homicidios dolosos y asesinatos en grado tentativa;enero-marzo 2024;2
ASTURIAS (PRINCIPADO DE);2. Homicidios dolosos y asesinatos en grado tentativa;Variación % 2024/2023;0,0
ASTURIAS (PRINCIPADO DE);3. Delitos graves y menos graves de lesiones y riña tumultuaria;enero-marzo 2023;86
ASTURIAS (PRINCIPADO DE);3. Delitos graves y menos graves de lesiones y riña tumultuaria;enero-marzo 2024;103
ASTURIAS (PRINCIPADO DE);3. Delitos graves y menos graves de lesiones y riña tumultuaria;Variación % 2024/2023;19,8
ASTURIAS (PRINCIPADO DE);4. Secuestro;enero-marzo 2023;0
ASTURIAS (PRINCIPADO DE);4. Secuestro;enero-marzo 2024;1
ASTURIAS (PRINCIPADO DE);4. Secuestro;Variación % 2024/2023;100,0
ASTURIAS (PRINCIPADO DE);5. Delitos contra la libertad sexual;enero-marzo 2023;69
ASTURIAS (PRINCIPADO DE);5. Delitos contra la libertad sexual;enero-marzo 2024;62
ASTURIAS (PRINCIPADO DE);5. Delitos contra la libertad sexual;Variación % 2024/2023;-10,1
ASTURIAS (PRINCIPADO DE);5.1.-Agresión sexual con penetración;enero-marzo 2023;17
ASTURIAS (PRINCIPADO DE);5.1.-Agresión sexual con penetración;enero-marzo 2024;14
ASTURIAS (PRINCIPADO DE);5.1.-Agresión sexual con penetración;Variación % 2024/2023;-17,6
ASTURIAS (PRINCIPADO DE);5.2.-Resto de delitos contra la libertad sexual;enero-marzo 2023;52
ASTURIAS (PRINCIPADO DE);5.2.-Resto de delitos contra la libertad sexual;enero-marzo 2024;48
ASTURIAS (PRINCIPADO DE);5.2.-Resto de delitos contra la libertad sexual;Variación % 2024/2023;-7,7
ASTURIAS (PRINCIPADO DE);6. Robos con violencia e intimidación;enero-marzo 2023;79
ASTURIAS (PRINCIPADO DE);6. Robos con violencia e intimidación;enero-marzo 2024;79
ASTURIAS (PRINCIPADO DE);6. Robos con violencia e intimidación;Variación % 2024/2023;0,0
ASTURIAS (PRINCIPADO DE);7. Robos con fuerza en domicilios, establecimientos y otras instalaciones;enero-marzo 2023;384
ASTURIAS (PRINCIPADO DE);7. Robos con fuerza en domicilios, establecimientos y otras instalaciones;enero-marzo 2024;351
ASTURIAS (PRINCIPADO DE);7. Robos con fuerza en domicilios, establecimientos y otras instalaciones;Variación % 2024/2023;-8,6
ASTURIAS (PRINCIPADO DE);7.1.-Robos con fuerza en domicilios;enero-marzo 2023;252
ASTURIAS (PRINCIPADO DE);7.1.-Robos con fuerza en domicilios;enero-marzo 2024;202
ASTURIAS (PRINCIPADO DE);7.1.-Robos con fuerza en domicilios;Variación % 2024/2023;-19,8
ASTURIAS (PRINCIPADO DE);8. Hurtos;enero-marzo 2023;1.765
ASTURIAS (PRINCIPADO DE);8. Hurtos;enero-marzo 2024;1.895
ASTURIAS (PRINCIPADO DE);8. Hurtos;Variación % 2024/2023;7,4
ASTURIAS (PRINCIPADO DE);9. Sustracciones de vehículos;enero-marzo 2023;68
ASTURIAS (PRINCIPADO DE);9. Sustracciones de vehículos;enero-marzo 2024;54
ASTURIAS (PRINCIPADO DE);9. Sustracciones de vehículos;Variación % 2024/2023;-20,6
ASTURIAS (PRINCIPADO DE);10. Tráfico de drogas;enero-marzo 2023;47
ASTURIAS (PRINCIPADO DE);10. Tráfico de drogas;enero-marzo 2024;42
ASTURIAS (PRINCIPADO DE);10. Tráfico de drogas;Variación % 2024/2023;-10,6
ASTURIAS (PRINCIPADO DE);11. Resto de criminalidad convencional;enero-marzo 2023;3.355
ASTURIAS (PRINCIPADO DE);11. Resto de criminalidad convencional;enero-marzo 2024;3.441
ASTURIAS (PRINCIPADO DE);11. Resto de criminalidad convencional;Variación % 2024/2023;2,6
ASTURIAS (PRINCIPADO DE);II. CIBERCRIMINALIDAD (infracciones penales cometidas en/por medio ciber);enero-marzo 2023;2.089
ASTURIAS (PRINCIPADO DE);II. CIBERCRIMINALIDAD (infracciones penales cometidas en/por medio ciber);enero-marzo 2024;2.332
ASTURIAS (PRINCIPADO DE);II. CIBERCRIMINALIDAD (infracciones penales cometidas en/por medio ciber);Variación % 2024/2023;11,6
ASTURIAS (PRINCIPADO DE);12.-Estafas informáticas;enero-marzo 2023;1.901
ASTURIAS (PRINCIPADO DE);12.-Estafas informáticas;enero-marzo 2024;2.084
ASTURIAS (PRINCIPADO DE);12.-Estafas informáticas;Variación % 2024/2023;9,6
ASTURIAS (PRINCIPADO DE);13.-Otros ciberdelitos;enero-marzo 2023;188
ASTURIAS (PRINCIPADO DE);13.-Otros ciberdelitos;enero-marzo 2024;248
ASTURIAS (PRINCIPADO DE);13.-Otros ciberdelitos;Variación % 2024/2023;31,9
ASTURIAS (PRINCIPADO DE);III. TOTAL INFRACCIONES PENALES;enero-marzo 2023;7.946
ASTURIAS (PRINCIPADO DE);III. TOTAL INFRACCIONES PENALES;enero-marzo 2024;8.363
ASTURIAS (PRINCIPADO DE);III. TOTAL INFRACCIONES PENALES;Variación % 2024/2023;5,2
BALEARS (ILLES);I. CRIMINALIDAD CONVENCIONAL;enero-marzo 2023;12.987
BALEARS (ILLES);I. CRIMINALIDAD CONVENCIONAL;enero-marzo 2024;12.888
BALEARS (ILLES);I. CRIMINALIDAD CONVENCIONAL;Variación % 2024/2023;-0,8
BALEARS (ILLES);1. Homicidios dolosos y asesinatos consumados;enero-marzo 2023;0
BALEARS (ILLES);1. Homicidios dolosos y asesinatos consumados;enero-marzo 2024;0
BALEARS (ILLES);1. Homicidios dolosos y asesinatos consumados;Variación % 2024/2023;0,0
BALEARS (ILLES);2. Homicidios dolosos y asesinatos en grado tentativa;enero-marzo 2023;5
BALEARS (ILLES);2. Homicidios dolosos y asesinatos en grado tentativa;enero-marzo 2024;5
BALEARS (ILLES);2. Homicidios dolosos y asesinatos en grado tentativa;Variación % 2024/2023;0,0
BALEARS (ILLES);3. Delitos graves y menos graves de lesiones y riña tumultuaria;enero-marzo 2023;235
BALEARS (ILLES);3. Delitos graves y menos graves de lesiones y riña tumultuaria;enero-marzo 2024;233
BALEARS (ILLES);3. Delitos graves y menos graves de lesiones y riña tumultuaria;Variación % 2024/2023;-0,9
BALEARS (ILLES);4. Secuestro;enero-marzo 2023;1
BALEARS (ILLES);4. Secuestro;enero-marzo 2024;2
BALEARS (ILLES);4. Secuestro;Variación % 2024/2023;100,0
BALEARS (ILLES);5. Delitos contra la libertad sexual;enero-marzo 2023;177
BALEARS (ILLES);5. Delitos contra la libertad sexual;enero-marzo 2024;160
BALEARS (ILLES);5. Delitos contra la libertad sexual;Variación % 2024/2023;-9,6
BALEARS (ILLES);5.1.-Agresión sexual con penetración;enero-marzo 2023;27
BALEARS (ILLES);5.1.-Agresión sexual con penetración;enero-marzo 2024;21
BALEARS (ILLES);5.1.-Agresión sexual con penetración;Variación % 2024/2023;-22,2
BALEARS (ILLES);5.2.-Resto de delitos contra la libertad sexual;enero-marzo 2023;150
BALEARS (ILLES);5.2.-Resto de delitos contra la libertad sexual;enero-marzo 2024;139
BALEARS (ILLES);5.2.-Resto de delitos contra la libertad sexual;Variación % 2024/2023;-7,3
BALEARS (ILLES);6. Robos con violencia e intimidación;enero-marzo 2023;270
BALEARS (ILLES);6. Robos con violencia e intimidación;enero-marzo 2024;256
BALEARS (ILLES);6. Robos con violencia e intimidación;Variación % 2024/2023;-5,2
BALEARS (ILLES);7. Robos con fuerza en domicilios, establecimientos y otras instalaciones;enero-marzo 2023;631
BALEARS (ILLES);7. Robos con fuerza en domicilios, establecimientos y otras instalaciones;enero-marzo 2024;675
BALEARS (ILLES);7. Robos con fuerza en domicilios, establecimientos y otras instalaciones;Variación % 2024/2023;7,0
BALEARS (ILLES);7.1.-Robos con fuerza en domicilios;enero-marzo 2023;455
BALEARS (ILLES);7.1.-Robos con fuerza en domicilios;enero-marzo 2024;474
BALEARS (ILLES);7.1.-Robos con fuerza en domicilios;Variación % 2024/2023;4,2
BALEARS (ILLES);8. Hurtos;enero-marzo 2023;3.676
BALEARS (ILLES);8. Hurtos;enero-marzo 2024;3.399
BALEARS (ILLES);8. Hurtos;Variación % 2024/2023;-7,5
BALEARS (ILLES);9. Sustracciones de vehículos;enero-marzo 2023;377
BALEARS (ILLES);9. Sustracciones de vehículos;enero-marzo 2024;335
BALEARS (ILLES);9. Sustracciones de vehículos;Variación % 2024/2023;-11,1
BALEARS (ILLES);10. Tráfico de drogas;enero-marzo 2023;70
BALEARS (ILLES);10. Tráfico de drogas;enero-marzo 2024;133
BALEARS (ILLES);10. Tráfico de drogas;Variación % 2024/2023;90,0
BALEARS (ILLES);11. Resto de criminalidad convencional;enero-marzo 2023;7.545
BALEARS (ILLES);11. Resto de criminalidad convencional;enero-marzo 2024;7.690
BALEARS (ILLES);11. Resto de criminalidad convencional;Variación % 2024/2023;1,9
BALEARS (ILLES);II. CIBERCRIMINALIDAD (infracciones penales cometidas en/por medio ciber);enero-marzo 2023;2.565
BALEARS (ILLES);II. CIBERCRIMINALIDAD (infracciones penales cometidas en/por medio ciber);enero-marzo 2024;3.488
BALEARS (ILLES);II. CIBERCRIMINALIDAD (infracciones penales cometidas en/por medio ciber);Variación % 2024/2023;36,0
BALEARS (ILLES);12.-Estafas informáticas;enero-marzo 2023;2.279
BALEARS (ILLES);12.-Estafas informáticas;enero-marzo 2024;3.123
BALEARS (ILLES);12.-Estafas informáticas;Variación % 2024/2023;37,0
BALEARS (ILLES);13.-Otros ciberdelitos;enero-marzo 2023;286
BALEARS (ILLES);13.-Otros ciberdelitos;enero-marzo 2024;365
BALEARS (ILLES);13.-Otros ciberdelitos;Variación % 2024/2023;27,6
BALEARS (ILLES);III. TOTAL INFRACCIONES PENALES;enero-marzo 2023;15.552
BALEARS (ILLES);III. TOTAL INFRACCIONES PENALES;enero-marzo 2024;16.376
BALEARS (ILLES);III. TOTAL INFRACCIONES PENALES;Variación % 2024/2023;5,3
CANARIAS;I. CRIMINALIDAD CONVENCIONAL;enero-marzo 2023;21.990
CANARIAS;I. CRIMINALIDAD CONVENCIONAL;enero-marzo 2024;23.976
CANARIAS;I. CRIMINALIDAD CONVENCIONAL;Variación % 2024/2023;9,0
CANARIAS;1. Homicidios dolosos y asesinatos consumados;enero-marzo 2023;3
CANARIAS;1. Homicidios dolosos y asesinatos consumados;enero-marzo 2024;2
CANARIAS;1. Homicidios dolosos y asesinatos consumados;Variación % 2024/2023;-33,3
CANARIAS;2. Homicidios dolosos y asesinatos en grado tentativa;enero-marzo 2023;12
CANARIAS;2. Homicidios dolosos y asesinatos en grado tentativa;enero-marzo 2024;8
CANARIAS;2. Homicidios dolosos y asesinatos en grado tentativa;Variación % 2024/2023;-33,3
CANARIAS;3. Delitos graves y menos graves de lesiones y riña tumultuaria;enero-marzo 2023;307
CANARIAS;3. Delitos graves y menos graves de lesiones y riña tumultuaria;enero-marzo 2024;314
CANARIAS;3. Delitos graves y menos graves de lesiones y riña tumultuaria;Variación % 2024/2023;2,3
CANARIAS;4. Secuestro;enero-marzo 2023;1
CANARIAS;4. Secuestro;enero-marzo 2024;0
CANARIAS;4. Secuestro;Variación % 2024/2023;-100,0
CANARIAS;5. Delitos contra la libertad sexual;enero-marzo 2023;252
CANARIAS;5. Delitos contra la libertad sexual;enero-marzo 2024;275
CANARIAS;5. Delitos contra la libertad sexual;Variación % 2024/2023;9,1
CANARIAS;5.1.-Agresión sexual con penetración;enero-marzo 2023;47
CANARIAS;5.1.-Agresión sexual con penetración;enero-marzo 2024;54
CANARIAS;5.1.-Agresión sexual con penetración;Variación % 2024/2023;14,9
CANARIAS;5.2.-Resto de delitos contra la libertad sexual;enero-marzo 2023;205
CANARIAS;5.2.-Resto de delitos contra la libertad sexual;enero-marzo 2024;221
CANARIAS;5.2.-Resto de delitos contra la libertad sexual;Variación % 2024/2023;7,8
CANARIAS;6. Robos con violencia e intimidación;enero-marzo 2023;515
CANARIAS;6. Robos con violencia e intimidación;enero-marzo 2024;464
CANARIAS;6. Robos con violencia e intimidación;Variación % 2024/2023;-9,9
CANARIAS;7. Robos con fuerza en domicilios, establecimientos y otras instalaciones;enero-marzo 2023;945
CANARIAS;7. Robos con fuerza en domicilios, establecimientos y otras instalaciones;enero-marzo 2024;810
CANARIAS;7. Robos con fuerza en domicilios, establecimientos y otras instalaciones;Variación % 2024/2023;-14,3
CANARIAS;7.1.-Robos con fuerza en domicilios;enero-marzo 2023;594
CANARIAS;7.1.-Robos con fuerza en domicilios;enero-marzo 2024;473
CANARIAS;7.1.-Robos con fuerza en domicilios;Variación % 2024/2023;-20,4
CANARIAS;8. Hurtos;enero-marzo 2023;7.372
CANARIAS;8. Hurtos;enero-marzo 2024;8.656
CANARIAS;8. Hurtos;Variación % 2024/2023;17,4
CANARIAS;9. Sustracciones de vehículos;enero-marzo 2023;372
CANARIAS;9. Sustracciones de vehículos;enero-marzo 2024;403
CANARIAS;9. Sustracciones de vehículos;Variación % 2024/2023;8,3
CANARIAS;10. Tráfico de drogas;enero-marzo 2023;173
CANARIAS;10. Tráfico de drogas;enero-marzo 2024;173
CANARIAS;10. Tráfico de drogas;Variación % 2024/2023;0,0
CANARIAS;11. Resto de criminalidad convencional;enero-marzo 2023;12.038
CANARIAS;11. Resto de criminalidad convencional;enero-marzo 2024;12.871
CANARIAS;11. Resto de criminalidad convencional;Variación % 2024/2023;6,9
CANARIAS;II. CIBERCRIMINALIDAD (infracciones penales cometidas en/por medio ciber);enero-marzo 2023;3.820
CANARIAS;II. CIBERCRIMINALIDAD (infracciones penales cometidas en/por medio ciber);enero-marzo 2024;4.593
CANARIAS;II. CIBERCRIMINALIDAD (infracciones penales cometidas en/por medio ciber);Variación % 2024/2023;20,2
CANARIAS;12.-Estafas informáticas;enero-marzo 2023;3.301
CANARIAS;12.-Estafas informáticas;enero-marzo 2024;4.122
CANARIAS;12.-Estafas informáticas;Variación % 2024/2023;24,9
CANARIAS;13.-Otros ciberdelitos;enero-marzo 2023;519
CANARIAS;13.-Otros ciberdelitos;enero-marzo 2024;471
CANARIAS;13.-Otros ciberdelitos;Variación % 2024/2023;-9,2
CANARIAS;III. TOTAL INFRACCIONES PENALES;enero-marzo 2023;25.810
CANARIAS;III. TOTAL INFRACCIONES PENALES;enero-marzo 2024;28.569
CANARIAS;III. TOTAL INFRACCIONES PENALES;Variación % 2024/2023;10,7
CANTABRIA;I. CRIMINALIDAD CONVENCIONAL;enero-marzo 2023;4.179
CANTABRIA;I. CRIMINALIDAD CONVENCIONAL;enero-marzo 2024;4.537
CANTABRIA;I. CRIMINALIDAD CONVENCIONAL;Variación % 2024/2023;8,6
CANTABRIA;1. Homicidios dolosos y asesinatos consumados;enero-marzo 2023;0
CANTABRIA;1. Homicidios dolosos y asesinatos consumados;enero-marzo 2024;3
CANTABRIA;1. Homicidios dolosos y asesinatos consumados;Variación % 2024/2023;100,0
CANTABRIA;2. Homicidios dolosos y asesinatos en grado tentativa;enero-marzo 2023;3
CANTABRIA;2. Homicidios dolosos y asesinatos en grado tentativa;enero-marzo 2024;0
CANTABRIA;2. Homicidios dolosos y asesinatos en grado tentativa;Variación % 2024/2023;-100,0
CANTABRIA;3. Delitos graves y menos graves de lesiones y riña tumultuaria;enero-marzo 2023;92
CANTABRIA;3. Delitos graves y menos graves de lesiones y riña tumultuaria;enero-marzo 2024;103
CANTABRIA;3. Delitos graves y menos graves de lesiones y riña tumultuaria;Variación % 2024/2023;12,0
CANTABRIA;4. Secuestro;enero-marzo 2023;0
CANTABRIA;4. Secuestro;enero-marzo 2024;1
CANTABRIA;4. Secuestro;Variación % 2024/2023;100,0
CANTABRIA;5. Delitos contra la libertad sexual;enero-marzo 2023;37
CANTABRIA;5. Delitos contra la libertad sexual;enero-marzo 2024;38
CANTABRIA;5. Delitos contra la libertad sexual;Variación % 2024/2023;2,7
CANTABRIA;5.1.-Agresión sexual con penetración;enero-marzo 2023;6
CANTABRIA;5.1.-Agresión sexual con penetración;enero-marzo 2024;10
CANTABRIA;5.1.-Agresión sexual con penetración;Variación % 2024/2023;66,7
CANTABRIA;5.2.-Resto de delitos contra la libertad sexual;enero-marzo 2023;31
CANTABRIA;5.2.-Resto de delitos contra la libertad sexual;enero-marzo 2024;28
CANTABRIA;5.2.-Resto de delitos contra la libertad sexual;Variación % 2024/2023;-9,7
CANTABRIA;6. Robos con violencia e intimidación;enero-marzo 2023;61
CANTABRIA;6. Robos con violencia e intimidación;enero-marzo 2024;51
CANTABRIA;6. Robos con violencia e intimidación;Variación % 2024/2023;-16,4
CANTABRIA;7. Robos con fuerza en domicilios, establecimientos y otras instalaciones;enero-marzo 2023;453
CANTABRIA;7. Robos con fuerza en domicilios, establecimientos y otras instalaciones;enero-marzo 2024;480
CANTABRIA;7. Robos con fuerza en domicilios, establecimientos y otras instalaciones;Variación % 2024/2023;6,0
CANTABRIA;7.1.-Robos con fuerza en domicilios;enero-marzo 2023;331
CANTABRIA;7.1.-Robos con fuerza en domicilios;enero-marzo 2024;326
CANTABRIA;7.1.-Robos con fuerza en domicilios;Variación % 2024/2023;-1,5
CANTABRIA;8. Hurtos;enero-marzo 2023;1.078
CANTABRIA;8. Hurtos;enero-marzo 2024;1.099
CANTABRIA;8. Hurtos;Variación % 2024/2023;1,9
CANTABRIA;9. Sustracciones de vehículos;enero-marzo 2023;26
CANTABRIA;9. Sustracciones de vehículos;enero-marzo 2024;53
CANTABRIA;9. Sustracciones de vehículos;Variación % 2024/2023;103,8
CANTABRIA;10. Tráfico de drogas;enero-marzo 2023;34
CANTABRIA;10. Tráfico de drogas;enero-marzo 2024;28
CANTABRIA;10. Tráfico de drogas;Variación % 2024/2023;-17,6
CANTABRIA;11. Resto de criminalidad convencional;enero-marzo 2023;2.395
CANTABRIA;11. Resto de criminalidad convencional;enero-marzo 2024;2.681
CANTABRIA;11. Resto de criminalidad convencional;Variación % 2024/2023;11,9
CANTABRIA;II. CIBERCRIMINALIDAD (infracciones penales cometidas en/por medio ciber);enero-marzo 2023;1.409
CANTABRIA;II. CIBERCRIMINALIDAD (infracciones penales cometidas en/por medio ciber);enero-marzo 2024;1.648
CANTABRIA;II. CIBERCRIMINALIDAD (infracciones penales cometidas en/por medio ciber);Variación % 2024/2023;17,0
CANTABRIA;12.-Estafas informáticas;enero-marzo 2023;1.291
CANTABRIA;12.-Estafas informáticas;enero-marzo 2024;1.481
CANTABRIA;12.-Estafas informáticas;Variación % 2024/2023;14,7
CANTABRIA;13.-Otros ciberdelitos;enero-marzo 2023;118
CANTABRIA;13.-Otros ciberdelitos;enero-marzo 2024;167
CANTABRIA;13.-Otros ciberdelitos;Variación % 2024/2023;41,5
CANTABRIA;III. TOTAL INFRACCIONES PENALES;enero-marzo 2023;5.588
CANTABRIA;III. TOTAL INFRACCIONES PENALES;enero-marzo 2024;6.185
CANTABRIA;III. TOTAL INFRACCIONES PENALES;Variación % 2024/2023;10,7
CASTILLA Y LEÓN;I. CRIMINALIDAD CONVENCIONAL;enero-marzo 2023;15.260
CASTILLA Y LEÓN;I. CRIMINALIDAD CONVENCIONAL;enero-marzo 2024;15.658
CASTILLA Y LEÓN;I. CRIMINALIDAD CONVENCIONAL;Variación % 2024/2023;2,6
CASTILLA Y LEÓN;1. Homicidios dolosos y asesinatos consumados;enero-marzo 2023;3
CASTILLA Y LEÓN;1. Homicidios dolosos y asesinatos consumados;enero-marzo 2024;2
CASTILLA Y LEÓN;1. Homicidios dolosos y asesinatos consumados;Variación % 2024/2023;-33,3
CASTILLA Y LEÓN;2. Homicidios dolosos y asesinatos en grado tentativa;enero-marzo 2023;9
CASTILLA Y LEÓN;2. Homicidios dolosos y asesinatos en grado tentativa;enero-marzo 2024;10
CASTILLA Y LEÓN;2. Homicidios dolosos y asesinatos en grado tentativa;Variación % 2024/2023;11,1
CASTILLA Y LEÓN;3. Delitos graves y menos graves de lesiones y riña tumultuaria;enero-marzo 2023;189
CASTILLA Y LEÓN;3. Delitos graves y menos graves de lesiones y riña tumultuaria;enero-marzo 2024;222
CASTILLA Y LEÓN;3. Delitos graves y menos graves de lesiones y riña tumultuaria;Variación % 2024/2023;17,5
CASTILLA Y LEÓN;4. Secuestro;enero-marzo 2023;0
CASTILLA Y LEÓN;4. Secuestro;enero-marzo 2024;0
CASTILLA Y LEÓN;4. Secuestro;Variación % 2024/2023;0,0
CASTILLA Y LEÓN;5. Delitos contra la libertad sexual;enero-marzo 2023;124
CASTILLA Y LEÓN;5. Delitos contra la libertad sexual;enero-marzo 2024;137
CASTILLA Y LEÓN;5. Delitos contra la libertad sexual;Variación % 2024/2023;10,5
CASTILLA Y LEÓN;5.1.-Agresión sexual con penetración;enero-marzo 2023;29
CASTILLA Y LEÓN;5.1.-Agresión sexual con penetración;enero-marzo 2024;38
CASTILLA Y LEÓN;5.1.-Agresión sexual con penetración;Variación % 2024/2023;31,0
CASTILLA Y LEÓN;5.2.-Resto de delitos contra la libertad sexual;enero-marzo 2023;95
CASTILLA Y LEÓN;5.2.-Resto de delitos contra la libertad sexual;enero-marzo 2024;99
CASTILLA Y LEÓN;5.2.-Resto de delitos contra la libertad sexual;Variación % 2024/2023;4,2
CASTILLA Y LEÓN;6. Robos con violencia e intimidación;enero-marzo 2023;185
CASTILLA Y LEÓN;6. Robos con violencia e intimidación;enero-marzo 2024;212
CASTILLA Y LEÓN;6. Robos con violencia e intimidación;Variación % 2024/2023;14,6
CASTILLA Y LEÓN;7. Robos con fuerza en domicilios, establecimientos y otras instalaciones;enero-marzo 2023;1.115
CASTILLA Y LEÓN;7. Robos con fuerza en domicilios, establecimientos y otras instalaciones;enero-marzo 2024;1.102
CASTILLA Y LEÓN;7. Robos con fuerza en domicilios, establecimientos y otras instalaciones;Variación % 2024/2023;-1,2
CASTILLA Y LEÓN;7.1.-Robos con fuerza en domicilios;enero-marzo 2023;700
CASTILLA Y LEÓN;7.1.-Robos con fuerza en domicilios;enero-marzo 2024;770
CASTILLA Y LEÓN;7.1.-Robos con fuerza en domicilios;Variación % 2024/2023;10,0
CASTILLA Y LEÓN;8. Hurtos;enero-marzo 2023;4.307
CASTILLA Y LEÓN;8. Hurtos;enero-marzo 2024;4.177
CASTILLA Y LEÓN;8. Hurtos;Variación % 2024/2023;-3,0
CASTILLA Y LEÓN;9. Sustracciones de vehículos;enero-marzo 2023;121
CASTILLA Y LEÓN;9. Sustracciones de vehículos;enero-marzo 2024;112
CASTILLA Y LEÓN;9. Sustracciones de vehículos;Variación % 2024/2023;-7,4
CASTILLA Y LEÓN;10. Tráfico de drogas;enero-marzo 2023;115
CASTILLA Y LEÓN;10. Tráfico de drogas;enero-marzo 2024;96
CASTILLA Y LEÓN;10. Tráfico de drogas;Variación % 2024/2023;-16,5
CASTILLA Y LEÓN;11. Resto de criminalidad convencional;enero-marzo 2023;9.092
CASTILLA Y LEÓN;11. Resto de criminalidad convencional;enero-marzo 2024;9.588
CASTILLA Y LEÓN;11. Resto de criminalidad convencional;Variación % 2024/2023;5,5
CASTILLA Y LEÓN;II. CIBERCRIMINALIDAD (infracciones penales cometidas en/por medio ciber);enero-marzo 2023;5.850
CASTILLA Y LEÓN;II. CIBERCRIMINALIDAD (infracciones penales cometidas en/por medio ciber);enero-marzo 2024;6.617
CASTILLA Y LEÓN;II. CIBERCRIMINALIDAD (infracciones penales cometidas en/por medio ciber);Variación % 2024/2023;13,1
CASTILLA Y LEÓN;12.-Estafas informáticas;enero-marzo 2023;5.165
CASTILLA Y LEÓN;12.-Estafas informáticas;enero-marzo 2024;5.842
CASTILLA Y LEÓN;12.-Estafas informáticas;Variación % 2024/2023;13,1
CASTILLA Y LEÓN;13.-Otros ciberdelitos;enero-marzo 2023;685
CASTILLA Y LEÓN;13.-Otros ciberdelitos;enero-marzo 2024;775
CASTILLA Y LEÓN;13.-Otros ciberdelitos;Variación % 2024/2023;13,1
CASTILLA Y LEÓN;III. TOTAL INFRACCIONES PENALES;enero-marzo 2023;21.110
CASTILLA Y LEÓN;III. TOTAL INFRACCIONES PENALES;enero-marzo 2024;22.275
CASTILLA Y LEÓN;III. TOTAL INFRACCIONES PENALES;Variación % 2024/2023;5,5
CASTILLA - LA MANCHA;I. CRIMINALIDAD CONVENCIONAL;enero-marzo 2023;15.395
CASTILLA - LA MANCHA;I. CRIMINALIDAD CONVENCIONAL;enero-marzo 2024;16.179
CASTILLA - LA MANCHA;I. CRIMINALIDAD CONVENCIONAL;Variación % 2024/2023;5,1
CASTILLA - LA MANCHA;1. Homicidios dolosos y asesinatos consumados;enero-marzo 2023;8
CASTILLA - LA MANCHA;1. Homicidios dolosos y asesinatos consumados;enero-marzo 2024;1
CASTILLA - LA MANCHA;1. Homicidios dolosos y asesinatos consumados;Variación % 2024/2023;-87,5
CASTILLA - LA MANCHA;2. Homicidios dolosos y asesinatos en grado tentativa;enero-marzo 2023;1
CASTILLA - LA MANCHA;2. Homicidios dolosos y asesinatos en grado tentativa;enero-marzo 2024;9
CASTILLA - LA MANCHA;2. Homicidios dolosos y asesinatos en grado tentativa;Variación % 2024/2023;800,0
CASTILLA - LA MANCHA;3. Delitos graves y menos graves de lesiones y riña tumultuaria;enero-marzo 2023;194
CASTILLA - LA MANCHA;3. Delitos graves y menos graves de lesiones y riña tumultuaria;enero-marzo 2024;247
CASTILLA - LA MANCHA;3. Delitos graves y menos graves de lesiones y riña tumultuaria;Variación % 2024/2023;27,3
CASTILLA - LA MANCHA;4. Secuestro;enero-marzo 2023;1
CASTILLA - LA MANCHA;4. Secuestro;enero-marzo 2024;0
CASTILLA - LA MANCHA;4. Secuestro;Variación % 2024/2023;-100,0
CASTILLA - LA MANCHA;5. Delitos contra la libertad sexual;enero-marzo 2023;139
CASTILLA - LA MANCHA;5. Delitos contra la libertad sexual;enero-marzo 2024;139
CASTILLA - LA MANCHA;5. Delitos contra la libertad sexual;Variación % 2024/2023;0,0
CASTILLA - LA MANCHA;5.1.-Agresión sexual con penetración;enero-marzo 2023;29
CASTILLA - LA MANCHA;5.1.-Agresión sexual con penetración;enero-marzo 2024;20
CASTILLA - LA MANCHA;5.1.-Agresión sexual con penetración;Variación % 2024/2023;-31,0
CASTILLA - LA MANCHA;5.2.-Resto de delitos contra la libertad sexual;enero-marzo 2023;110
CASTILLA - LA MANCHA;5.2.-Resto de delitos contra la libertad sexual;enero-marzo 2024;119
CASTILLA - LA MANCHA;5.2.-Resto de delitos contra la libertad sexual;Variación % 2024/2023;8,2
CASTILLA - LA MANCHA;6. Robos con violencia e intimidación;enero-marzo 2023;206
CASTILLA - LA MANCHA;6. Robos con violencia e intimidación;enero-marzo 2024;227
CASTILLA - LA MANCHA;6. Robos con violencia e intimidación;Variación % 2024/2023;10,2
CASTILLA - LA MANCHA;7. Robos con fuerza en domicilios, establecimientos y otras instalaciones;enero-marzo 2023;1.279
CASTILLA - LA MANCHA;7. Robos con fuerza en domicilios, establecimientos y otras instalaciones;enero-marzo 2024;1.493
CASTILLA - LA MANCHA;7. Robos con fuerza en domicilios, establecimientos y otras instalaciones;Variación % 2024/2023;16,7
CASTILLA - LA MANCHA;7.1.-Robos con fuerza en domicilios;enero-marzo 2023;918
CASTILLA - LA MANCHA;7.1.-Robos con fuerza en domicilios;enero-marzo 2024;1.046
CASTILLA - LA MANCHA;7.1.-Robos con fuerza en domicilios;Variación % 2024/2023;13,9
CASTILLA - LA MANCHA;8. Hurtos;enero-marzo 2023;3.478
CASTILLA - LA MANCHA;8. Hurtos;enero-marzo 2024;3.696
CASTILLA - LA MANCHA;8. Hurtos;Variación % 2024/2023;6,3
CASTILLA - LA MANCHA;9. Sustracciones de vehículos;enero-marzo 2023;140
CASTILLA - LA MANCHA;9. Sustracciones de vehículos;enero-marzo 2024;181
CASTILLA - LA MANCHA;9. Sustracciones de vehículos;Variación % 2024/2023;29,3
CASTILLA - LA MANCHA;10. Tráfico de drogas;enero-marzo 2023;133
CASTILLA - LA MANCHA;10. Tráfico de drogas;enero-marzo 2024;132
CASTILLA - LA MANCHA;10. Tráfico de drogas;Variación % 2024/2023;-0,8
CASTILLA - LA MANCHA;11. Resto de criminalidad convencional;enero-marzo 2023;9.816
CASTILLA - LA MANCHA;11. Resto de criminalidad convencional;enero-marzo 2024;10.054
CASTILLA - LA MANCHA;11. Resto de criminalidad convencional;Variación % 2024/2023;2,4
CASTILLA - LA MANCHA;II. CIBERCRIMINALIDAD (infracciones penales cometidas en/por medio ciber);enero-marzo 2023;4.488
CASTILLA - LA MANCHA;II. CIBERCRIMINALIDAD (infracciones penales cometidas en/por medio ciber);enero-marzo 2024;4.705
CASTILLA - LA MANCHA;II. CIBERCRIMINALIDAD (infracciones penales cometidas en/por medio ciber);Variación % 2024/2023;4,8
CASTILLA - LA MANCHA;12.-Estafas informáticas;enero-marzo 2023;3.939
CASTILLA - LA MANCHA;12.-Estafas informáticas;enero-marzo 2024;4.203
CASTILLA - LA MANCHA;12.-Estafas informáticas;Variación % 2024/2023;6,7
CASTILLA - LA MANCHA;13.-Otros ciberdelitos;enero-marzo 2023;549
CASTILLA - LA MANCHA;13.-Otros ciberdelitos;enero-marzo 2024;502
CASTILLA - LA MANCHA;13.-Otros ciberdelitos;Variación % 2024/2023;-8,6
CASTILLA - LA MANCHA;III. TOTAL INFRACCIONES PENALES;enero-marzo 2023;19.883
CASTILLA - LA MANCHA;III. TOTAL INFRACCIONES PENALES;enero-marzo 2024;20.884
CASTILLA - LA MANCHA;III. TOTAL INFRACCIONES PENALES;Variación % 2024/2023;5,0
CATALUÑA;I. CRIMINALIDAD CONVENCIONAL;enero-marzo 2023;103.450
CATALUÑA;I. CRIMINALIDAD CONVENCIONAL;enero-marzo 2024;106.265
CATALUÑA;I. CRIMINALIDAD CONVENCIONAL;Variación % 2024/2023;2,7
CATALUÑA;1. Homicidios dolosos y asesinatos consumados;enero-marzo 2023;18
CATALUÑA;1. Homicidios dolosos y asesinatos consumados;enero-marzo 2024;17
CATALUÑA;1. Homicidios dolosos y asesinatos consumados;Variación % 2024/2023;-5,6
CATALUÑA;2. Homicidios dolosos y asesinatos en grado tentativa;enero-marzo 2023;55
CATALUÑA;2. Homicidios dolosos y asesinatos en grado tentativa;enero-marzo 2024;54
CATALUÑA;2. Homicidios dolosos y asesinatos en grado tentativa;Variación % 2024/2023;-1,8
CATALUÑA;3. Delitos graves y menos graves de lesiones y riña tumultuaria;enero-marzo 2023;863
CATALUÑA;3. Delitos graves y menos graves de lesiones y riña tumultuaria;enero-marzo 2024;894
CATALUÑA;3. Delitos graves y menos graves de lesiones y riña tumultuaria;Variación % 2024/2023;3,6
CATALUÑA;4. Secuestro;enero-marzo 2023;2
CATALUÑA;4. Secuestro;enero-marzo 2024;2
CATALUÑA;4. Secuestro;Variación % 2024/2023;0,0
CATALUÑA;5. Delitos contra la libertad sexual;enero-marzo 2023;880
CATALUÑA;5. Delitos contra la libertad sexual;enero-marzo 2024;915
CATALUÑA;5. Delitos contra la libertad sexual;Variación % 2024/2023;4,0
CATALUÑA;5.1.-Agresión sexual con penetración;enero-marzo 2023;328
CATALUÑA;5.1.-Agresión sexual con penetración;enero-marzo 2024;332
CATALUÑA;5.1.-Agresión sexual con penetración;Variación % 2024/2023;1,2
CATALUÑA;5.2.-Resto de delitos contra la libertad sexual;enero-marzo 2023;552
CATALUÑA;5.2.-Resto de delitos contra la libertad sexual;enero-marzo 2024;583
CATALUÑA;5.2.-Resto de delitos contra la libertad sexual;Variación % 2024/2023;5,6
CATALUÑA;6. Robos con violencia e intimidación;enero-marzo 2023;6.053
CATALUÑA;6. Robos con violencia e intimidación;enero-marzo 2024;5.854
CATALUÑA;6. Robos con violencia e intimidación;Variación % 2024/2023;-3,3
CATALUÑA;7. Robos con fuerza en domicilios, establecimientos y otras instalaciones;enero-marzo 2023;7.430
CATALUÑA;7. Robos con fuerza en domicilios, establecimientos y otras instalaciones;enero-marzo 2024;6.709
CATALUÑA;7. Robos con fuerza en domicilios, establecimientos y otras instalaciones;Variación % 2024/2023;-9,7
CATALUÑA;7.1.-Robos con fuerza en domicilios;enero-marzo 2023;4.946
CATALUÑA;7.1.-Robos con fuerza en domicilios;enero-marzo 2024;4.384
CATALUÑA;7.1.-Robos con fuerza en domicilios;Variación % 2024/2023;-11,4
CATALUÑA;8. Hurtos;enero-marzo 2023;41.947
CATALUÑA;8. Hurtos;enero-marzo 2024;39.585
CATALUÑA;8. Hurtos;Variación % 2024/2023;-5,6
CATALUÑA;9. Sustracciones de vehículos;enero-marzo 2023;2.015
CATALUÑA;9. Sustracciones de vehículos;enero-marzo 2024;1.888
CATALUÑA;9. Sustracciones de vehículos;Variación % 2024/2023;-6,3
CATALUÑA;10. Tráfico de drogas;enero-marzo 2023;1.074
CATALUÑA;10. Tráfico de drogas;enero-marzo 2024;1.194
CATALUÑA;10. Tráfico de drogas;Variación % 2024/2023;11,2
CATALUÑA;11. Resto de criminalidad convencional;enero-marzo 2023;43.113
CATALUÑA;11. Resto de criminalidad convencional;enero-marzo 2024;49.153
CATALUÑA;11. Resto de criminalidad convencional;Variación % 2024/2023;14,0
CATALUÑA;II. CIBERCRIMINALIDAD (infracciones penales cometidas en/por medio ciber);enero-marzo 2023;17.210
CATALUÑA;II. CIBERCRIMINALIDAD (infracciones penales cometidas en/por medio ciber);enero-marzo 2024;20.420
CATALUÑA;II. CIBERCRIMINALIDAD (infracciones penales cometidas en/por medio ciber);Variación % 2024/2023;18,7
CATALUÑA;12.-Estafas informáticas;enero-marzo 2023;16.660
CATALUÑA;12.-Estafas informáticas;enero-marzo 2024;19.856
CATALUÑA;12.-Estafas informáticas;Variación % 2024/2023;19,2
CATALUÑA;13.-Otros ciberdelitos;enero-marzo 2023;550
CATALUÑA;13.-Otros ciberdelitos;enero-marzo 2024;564
CATALUÑA;13.-Otros ciberdelitos;Variación % 2024/2023;2,5
CATALUÑA;III. TOTAL INFRACCIONES PENALES;enero-marzo 2023;120.660
CATALUÑA;III. TOTAL INFRACCIONES PENALES;enero-marzo 2024;126.685
CATALUÑA;III. TOTAL INFRACCIONES PENALES;Variación % 2024/2023;5,0
COMUNITAT VALENCIANA;I. CRIMINALIDAD CONVENCIONAL;enero-marzo 2023;56.551
COMUNITAT VALENCIANA;I. CRIMINALIDAD CONVENCIONAL;enero-marzo 2024;58.141
COMUNITAT VALENCIANA;I. CRIMINALIDAD CONVENCIONAL;Variación % 2024/2023;2,8
COMUNITAT VALENCIANA;1. Homicidios dolosos y asesinatos consumados;enero-marzo 2023;8
COMUNITAT VALENCIANA;1. Homicidios dolosos y asesinatos consumados;enero-marzo 2024;21
COMUNITAT VALENCIANA;1. Homicidios dolosos y asesinatos consumados;Variación % 2024/2023;162,5
COMUNITAT VALENCIANA;2. Homicidios dolosos y asesinatos en grado tentativa;enero-marzo 2023;36
COMUNITAT VALENCIANA;2. Homicidios dolosos y asesinatos en grado tentativa;enero-marzo 2024;34
COMUNITAT VALENCIANA;2. Homicidios dolosos y asesinatos en grado tentativa;Variación % 2024/2023;-5,6
COMUNITAT VALENCIANA;3. Delitos graves y menos graves de lesiones y riña tumultuaria;enero-marzo 2023;707
COMUNITAT VALENCIANA;3. Delitos graves y menos graves de lesiones y riña tumultuaria;enero-marzo 2024;813
COMUNITAT VALENCIANA;3. Delitos graves y menos graves de lesiones y riña tumultuaria;Variación % 2024/2023;15,0
COMUNITAT VALENCIANA;4. Secuestro;enero-marzo 2023;3
COMUNITAT VALENCIANA;4. Secuestro;enero-marzo 2024;3
COMUNITAT VALENCIANA;4. Secuestro;Variación % 2024/2023;0,0
COMUNITAT VALENCIANA;5. Delitos contra la libertad sexual;enero-marzo 2023;492
COMUNITAT VALENCIANA;5. Delitos contra la libertad sexual;enero-marzo 2024;521
COMUNITAT VALENCIANA;5. Delitos contra la libertad sexual;Variación % 2024/2023;5,9
COMUNITAT VALENCIANA;5.1.-Agresión sexual con penetración;enero-marzo 2023;87
COMUNITAT VALENCIANA;5.1.-Agresión sexual con penetración;enero-marzo 2024;121
COMUNITAT VALENCIANA;5.1.-Agresión sexual con penetración;Variación % 2024/2023;39,1
COMUNITAT VALENCIANA;5.2.-Resto de delitos contra la libertad sexual;enero-marzo 2023;405
COMUNITAT VALENCIANA;5.2.-Resto de delitos contra la libertad sexual;enero-marzo 2024;400
COMUNITAT VALENCIANA;5.2.-Resto de delitos contra la libertad sexual;Variación % 2024/2023;-1,2
COMUNITAT VALENCIANA;6. Robos con violencia e intimidación;enero-marzo 2023;1.468
COMUNITAT VALENCIANA;6. Robos con violencia e intimidación;enero-marzo 2024;1.508
COMUNITAT VALENCIANA;6. Robos con violencia e intimidación;Variación % 2024/2023;2,7
COMUNITAT VALENCIANA;7. Robos con fuerza en domicilios, establecimientos y otras instalaciones;enero-marzo 2023;4.858
COMUNITAT VALENCIANA;7. Robos con fuerza en domicilios, establecimientos y otras instalaciones;enero-marzo 2024;4.763
COMUNITAT VALENCIANA;7. Robos con fuerza en domicilios, establecimientos y otras instalaciones;Variación % 2024/2023;-2,0
COMUNITAT VALENCIANA;7.1.-Robos con fuerza en domicilios;enero-marzo 2023;3.679
COMUNITAT VALENCIANA;7.1.-Robos con fuerza en domicilios;enero-marzo 2024;3.809
COMUNITAT VALENCIANA;7.1.-Robos con fuerza en domicilios;Variación % 2024/2023;3,5
COMUNITAT VALENCIANA;8. Hurtos;enero-marzo 2023;18.216
COMUNITAT VALENCIANA;8. Hurtos;enero-marzo 2024;17.681
COMUNITAT VALENCIANA;8. Hurtos;Variación % 2024/2023;-2,9
COMUNITAT VALENCIANA;9. Sustracciones de vehículos;enero-marzo 2023;741
COMUNITAT VALENCIANA;9. Sustracciones de vehículos;enero-marzo 2024;805
COMUNITAT VALENCIANA;9. Sustracciones de vehículos;Variación % 2024/2023;8,6
COMUNITAT VALENCIANA;10. Tráfico de drogas;enero-marzo 2023;606
COMUNITAT VALENCIANA;10. Tráfico de drogas;enero-marzo 2024;665
COMUNITAT VALENCIANA;10. Tráfico de drogas;Variación % 2024/2023;9,7
COMUNITAT VALENCIANA;11. Resto de criminalidad convencional;enero-marzo 2023;29.416
COMUNITAT VALENCIANA;11. Resto de criminalidad convencional;enero-marzo 2024;31.327
COMUNITAT VALENCIANA;11. Resto de criminalidad convencional;Variación % 2024/2023;6,5
COMUNITAT VALENCIANA;II. CIBERCRIMINALIDAD (infracciones penales cometidas en/por medio ciber);enero-marzo 2023;11.215
COMUNITAT VALENCIANA;II. CIBERCRIMINALIDAD (infracciones penales cometidas en/por medio ciber);enero-marzo 2024;12.110
COMUNITAT VALENCIANA;II. CIBERCRIMINALIDAD (infracciones penales cometidas en/por medio ciber);Variación % 2024/2023;8,0
COMUNITAT VALENCIANA;12.-Estafas informáticas;enero-marzo 2023;9.470
COMUNITAT VALENCIANA;12.-Estafas informáticas;enero-marzo 2024;10.747
COMUNITAT VALENCIANA;12.-Estafas informáticas;Variación % 2024/2023;13,5
COMUNITAT VALENCIANA;13.-Otros ciberdelitos;enero-marzo 2023;1.745
COMUNITAT VALENCIANA;13.-Otros ciberdelitos;enero-marzo 2024;1.363
COMUNITAT VALENCIANA;13.-Otros ciberdelitos;Variación % 2024/2023;-21,9
COMUNITAT VALENCIANA;III. TOTAL INFRACCIONES PENALES;enero-marzo 2023;67.766
COMUNITAT VALENCIANA;III. TOTAL INFRACCIONES PENALES;enero-marzo 2024;70.251
COMUNITAT VALENCIANA;III. TOTAL INFRACCIONES PENALES;Variación % 2024/2023;3,7
EXTREMADURA;I. CRIMINALIDAD CONVENCIONAL;enero-marzo 2023;6.444
EXTREMADURA;I. CRIMINALIDAD CONVENCIONAL;enero-marzo 2024;6.577
EXTREMADURA;I. CRIMINALIDAD CONVENCIONAL;Variación % 2024/2023;2,1
EXTREMADURA;1. Homicidios dolosos y asesinatos consumados;enero-marzo 2023;0
EXTREMADURA;1. Homicidios dolosos y asesinatos consumados;enero-marzo 2024;2
EXTREMADURA;1. Homicidios dolosos y asesinatos consumados;Variación % 2024/2023;100,0
EXTREMADURA;2. Homicidios dolosos y asesinatos en grado tentativa;enero-marzo 2023;3
EXTREMADURA;2. Homicidios dolosos y asesinatos en grado tentativa;enero-marzo 2024;4
EXTREMADURA;2. Homicidios dolosos y asesinatos en grado tentativa;Variación % 2024/2023;33,3
EXTREMADURA;3. Delitos graves y menos graves de lesiones y riña tumultuaria;enero-marzo 2023;90
EXTREMADURA;3. Delitos graves y menos graves de lesiones y riña tumultuaria;enero-marzo 2024;85
EXTREMADURA;3. Delitos graves y menos graves de lesiones y riña tumultuaria;Variación % 2024/2023;-5,6
EXTREMADURA;4. Secuestro;enero-marzo 2023;0
EXTREMADURA;4. Secuestro;enero-marzo 2024;0
EXTREMADURA;4. Secuestro;Variación % 2024/2023;0,0
EXTREMADURA;5. Delitos contra la libertad sexual;enero-marzo 2023;56
EXTREMADURA;5. Delitos contra la libertad sexual;enero-marzo 2024;89
EXTREMADURA;5. Delitos contra la libertad sexual;Variación % 2024/2023;58,9
EXTREMADURA;5.1.-Agresión sexual con penetración;enero-marzo 2023;13
EXTREMADURA;5.1.-Agresión sexual con penetración;enero-marzo 2024;19
EXTREMADURA;5.1.-Agresión sexual con penetración;Variación % 2024/2023;46,2
EXTREMADURA;5.2.-Resto de delitos contra la libertad sexual;enero-marzo 2023;43
EXTREMADURA;5.2.-Resto de delitos contra la libertad sexual;enero-marzo 2024;70
EXTREMADURA;5.2.-Resto de delitos contra la libertad sexual;Variación % 2024/2023;62,8
EXTREMADURA;6. Robos con violencia e intimidación;enero-marzo 2023;93
EXTREMADURA;6. Robos con violencia e intimidación;enero-marzo 2024;65
EXTREMADURA;6. Robos con violencia e intimidación;Variación % 2024/2023;-30,1
EXTREMADURA;7. Robos con fuerza en domicilios, establecimientos y otras instalaciones;enero-marzo 2023;470
EXTREMADURA;7. Robos con fuerza en domicilios, establecimientos y otras instalaciones;enero-marzo 2024;528
EXTREMADURA;7. Robos con fuerza en domicilios, establecimientos y otras instalaciones;Variación % 2024/2023;12,3
EXTREMADURA;7.1.-Robos con fuerza en domicilios;enero-marzo 2023;328
EXTREMADURA;7.1.-Robos con fuerza en domicilios;enero-marzo 2024;346
EXTREMADURA;7.1.-Robos con fuerza en domicilios;Variación % 2024/2023;5,5
EXTREMADURA;8. Hurtos;enero-marzo 2023;1.780
EXTREMADURA;8. Hurtos;enero-marzo 2024;1.702
EXTREMADURA;8. Hurtos;Variación % 2024/2023;-4,4
EXTREMADURA;9. Sustracciones de vehículos;enero-marzo 2023;42
EXTREMADURA;9. Sustracciones de vehículos;enero-marzo 2024;45
EXTREMADURA;9. Sustracciones de vehículos;Variación % 2024/2023;7,1
EXTREMADURA;10. Tráfico de drogas;enero-marzo 2023;95
EXTREMADURA;10. Tráfico de drogas;enero-marzo 2024;70
EXTREMADURA;10. Tráfico de drogas;Variación % 2024/2023;-26,3
EXTREMADURA;11. Resto de criminalidad convencional;enero-marzo 2023;3.815
EXTREMADURA;11. Resto de criminalidad convencional;enero-marzo 2024;3.987
EXTREMADURA;11. Resto de criminalidad convencional;Variación % 2024/2023;4,5
EXTREMADURA;II. CIBERCRIMINALIDAD (infracciones penales cometidas en/por medio ciber);enero-marzo 2023;2.161
EXTREMADURA;II. CIBERCRIMINALIDAD (infracciones penales cometidas en/por medio ciber);enero-marzo 2024;2.047
EXTREMADURA;II. CIBERCRIMINALIDAD (infracciones penales cometidas en/por medio ciber);Variación % 2024/2023;-5,3
EXTREMADURA;12.-Estafas informáticas;enero-marzo 2023;1.839
EXTREMADURA;12.-Estafas informáticas;enero-marzo 2024;1.664
EXTREMADURA;12.-Estafas informáticas;Variación % 2024/2023;-9,5
EXTREMADURA;13.-Otros ciberdelitos;enero-marzo 2023;322
EXTREMADURA;13.-Otros ciberdelitos;enero-marzo 2024;383
EXTREMADURA;13.-Otros ciberdelitos;Variación % 2024/2023;18,9
EXTREMADURA;III. TOTAL INFRACCIONES PENALES;enero-marzo 2023;8.605
EXTREMADURA;III. TOTAL INFRACCIONES PENALES;enero-marzo 2024;8.624
EXTREMADURA;III. TOTAL INFRACCIONES PENALES;Variación % 2024/2023;0,2
GALICIA;I. CRIMINALIDAD CONVENCIONAL;enero-marzo 2023;17.485
GALICIA;I. CRIMINALIDAD CONVENCIONAL;enero-marzo 2024;17.287
GALICIA;I. CRIMINALIDAD CONVENCIONAL;Variación % 2024/2023;-1,1
GALICIA;1. Homicidios dolosos y asesinatos consumados;enero-marzo 2023;3
GALICIA;1. Homicidios dolosos y asesinatos consumados;enero-marzo 2024;5
GALICIA;1. Homicidios dolosos y asesinatos consumados;Variación % 2024/2023;66,7
GALICIA;2. Homicidios dolosos y asesinatos en grado tentativa;enero-marzo 2023;13
GALICIA;2. Homicidios dolosos y asesinatos en grado tentativa;enero-marzo 2024;8
GALICIA;2. Homicidios dolosos y asesinatos en grado tentativa;Variación % 2024/2023;-38,5
GALICIA;3. Delitos graves y menos graves de lesiones y riña tumultuaria;enero-marzo 2023;270
GALICIA;3. Delitos graves y menos graves de lesiones y riña tumultuaria;enero-marzo 2024;271
GALICIA;3. Delitos graves y menos graves de lesiones y riña tumultuaria;Variación % 2024/2023;0,4
GALICIA;4. Secuestro;enero-marzo 2023;2
GALICIA;4. Secuestro;enero-marzo 2024;0
GALICIA;4. Secuestro;Variación % 2024/2023;-100,0
GALICIA;5. Delitos contra la libertad sexual;enero-marzo 2023;190
GALICIA;5. Delitos contra la libertad sexual;enero-marzo 2024;191
GALICIA;5. Delitos contra la libertad sexual;Variación % 2024/2023;0,5
GALICIA;5.1.-Agresión sexual con penetración;enero-marzo 2023;43
GALICIA;5.1.-Agresión sexual con penetración;enero-marzo 2024;55
GALICIA;5.1.-Agresión sexual con penetración;Variación % 2024/2023;27,9
GALICIA;5.2.-Resto de delitos contra la libertad sexual;enero-marzo 2023;147
GALICIA;5.2.-Resto de delitos contra la libertad sexual;enero-marzo 2024;136
GALICIA;5.2.-Resto de delitos contra la libertad sexual;Variación % 2024/2023;-7,5
GALICIA;6. Robos con violencia e intimidación;enero-marzo 2023;256
GALICIA;6. Robos con violencia e intimidación;enero-marzo 2024;241
GALICIA;6. Robos con violencia e intimidación;Variación % 2024/2023;-5,9
GALICIA;7. Robos con fuerza en domicilios, establecimientos y otras instalaciones;enero-marzo 2023;1.226
GALICIA;7. Robos con fuerza en domicilios, establecimientos y otras instalaciones;enero-marzo 2024;1.199
GALICIA;7. Robos con fuerza en domicilios, establecimientos y otras instalaciones;Variación % 2024/2023;-2,2
GALICIA;7.1.-Robos con fuerza en domicilios;enero-marzo 2023;654
GALICIA;7.1.-Robos con fuerza en domicilios;enero-marzo 2024;648
GALICIA;7.1.-Robos con fuerza en domicilios;Variación % 2024/2023;-0,9
GALICIA;8. Hurtos;enero-marzo 2023;4.890
GALICIA;8. Hurtos;enero-marzo 2024;4.779
GALICIA;8. Hurtos;Variación % 2024/2023;-2,3
GALICIA;9. Sustracciones de vehículos;enero-marzo 2023;137
GALICIA;9. Sustracciones de vehículos;enero-marzo 2024;131
GALICIA;9. Sustracciones de vehículos;Variación % 2024/2023;-4,4
GALICIA;10. Tráfico de drogas;enero-marzo 2023;120
GALICIA;10. Tráfico de drogas;enero-marzo 2024;123
GALICIA;10. Tráfico de drogas;Variación % 2024/2023;2,5
GALICIA;11. Resto de criminalidad convencional;enero-marzo 2023;10.378
GALICIA;11. Resto de criminalidad convencional;enero-marzo 2024;10.339
GALICIA;11. Resto de criminalidad convencional;Variación % 2024/2023;-0,4
GALICIA;II. CIBERCRIMINALIDAD (infracciones penales cometidas en/por medio ciber);enero-marzo 2023;4.864
GALICIA;II. CIBERCRIMINALIDAD (infracciones penales cometidas en/por medio ciber);enero-marzo 2024;5.771
GALICIA;II. CIBERCRIMINALIDAD (infracciones penales cometidas en/por medio ciber);Variación % 2024/2023;18,6
GALICIA;12.-Estafas informáticas;enero-marzo 2023;4.116
GALICIA;12.-Estafas informáticas;enero-marzo 2024;4.941
GALICIA;12.-Estafas informáticas;Variación % 2024/2023;20,0
GALICIA;13.-Otros ciberdelitos;enero-marzo 2023;748
GALICIA;13.-Otros ciberdelitos;enero-marzo 2024;830
GALICIA;13.-Otros ciberdelitos;Variación % 2024/2023;11,0
GALICIA;III. TOTAL INFRACCIONES PENALES;enero-marzo 2023;22.349
GALICIA;III. TOTAL INFRACCIONES PENALES;enero-marzo 2024;23.058
GALICIA;III. TOTAL INFRACCIONES PENALES;Variación % 2024/2023;3,2
MADRID (COMUNIDAD DE);I. CRIMINALIDAD CONVENCIONAL;enero-marzo 2023;85.209
MADRID (COMUNIDAD DE);I. CRIMINALIDAD CONVENCIONAL;enero-marzo 2024;83.349
MADRID (COMUNIDAD DE);I. CRIMINALIDAD CONVENCIONAL;Variación % 2024/2023;-2,2
MADRID (COMUNIDAD DE);1. Homicidios dolosos y asesinatos consumados;enero-marzo 2023;8
MADRID (COMUNIDAD DE);1. Homicidios dolosos y asesinatos consumados;enero-marzo 2024;5
MADRID (COMUNIDAD DE);1. Homicidios dolosos y asesinatos consumados;Variación % 2024/2023;-37,5
MADRID (COMUNIDAD DE);2. Homicidios dolosos y asesinatos en grado tentativa;enero-marzo 2023;31
MADRID (COMUNIDAD DE);2. Homicidios dolosos y asesinatos en grado tentativa;enero-marzo 2024;36
MADRID (COMUNIDAD DE);2. Homicidios dolosos y asesinatos en grado tentativa;Variación % 2024/2023;16,1
MADRID (COMUNIDAD DE);3. Delitos graves y menos graves de lesiones y riña tumultuaria;enero-marzo 2023;742
MADRID (COMUNIDAD DE);3. Delitos graves y menos graves de lesiones y riña tumultuaria;enero-marzo 2024;737
MADRID (COMUNIDAD DE);3. Delitos graves y menos graves de lesiones y riña tumultuaria;Variación % 2024/2023;-0,7
MADRID (COMUNIDAD DE);4. Secuestro;enero-marzo 2023;9
MADRID (COMUNIDAD DE);4. Secuestro;enero-marzo 2024;6
MADRID (COMUNIDAD DE);4. Secuestro;Variación % 2024/2023;-33,3
MADRID (COMUNIDAD DE);5. Delitos contra la libertad sexual;enero-marzo 2023;621
MADRID (COMUNIDAD DE);5. Delitos contra la libertad sexual;enero-marzo 2024;681
MADRID (COMUNIDAD DE);5. Delitos contra la libertad sexual;Variación % 2024/2023;9,7
MADRID (COMUNIDAD DE);5.1.-Agresión sexual con penetración;enero-marzo 2023;143
MADRID (COMUNIDAD DE);5.1.-Agresión sexual con penetración;enero-marzo 2024;182
MADRID (COMUNIDAD DE);5.1.-Agresión sexual con penetración;Variación % 2024/2023;27,3
MADRID (COMUNIDAD DE);5.2.-Resto de delitos contra la libertad sexual;enero-marzo 2023;478
MADRID (COMUNIDAD DE);5.2.-Resto de delitos contra la libertad sexual;enero-marzo 2024;499
MADRID (COMUNIDAD DE);5.2.-Resto de delitos contra la libertad sexual;Variación % 2024/2023;4,4
MADRID (COMUNIDAD DE);6. Robos con violencia e intimidación;enero-marzo 2023;3.042
MADRID (COMUNIDAD DE);6. Robos con violencia e intimidación;enero-marzo 2024;2.832
MADRID (COMUNIDAD DE);6. Robos con violencia e intimidación;Variación % 2024/2023;-6,9
MADRID (COMUNIDAD DE);7. Robos con fuerza en domicilios, establecimientos y otras instalaciones;enero-marzo 2023;3.563
MADRID (COMUNIDAD DE);7. Robos con fuerza en domicilios, establecimientos y otras instalaciones;enero-marzo 2024;3.658
MADRID (COMUNIDAD DE);7. Robos con fuerza en domicilios, establecimientos y otras instalaciones;Variación % 2024/2023;2,7
MADRID (COMUNIDAD DE);7.1.-Robos con fuerza en domicilios;enero-marzo 2023;2.275
MADRID (COMUNIDAD DE);7.1.-Robos con fuerza en domicilios;enero-marzo 2024;2.232
MADRID (COMUNIDAD DE);7.1.-Robos con fuerza en domicilios;Variación % 2024/2023;-1,9
MADRID (COMUNIDAD DE);8. Hurtos;enero-marzo 2023;33.890
MADRID (COMUNIDAD DE);8. Hurtos;enero-marzo 2024;31.611
MADRID (COMUNIDAD DE);8. Hurtos;Variación % 2024/2023;-6,7
MADRID (COMUNIDAD DE);9. Sustracciones de vehículos;enero-marzo 2023;1.861
MADRID (COMUNIDAD DE);9. Sustracciones de vehículos;enero-marzo 2024;1.898
MADRID (COMUNIDAD DE);9. Sustracciones de vehículos;Variación % 2024/2023;2,0
MADRID (COMUNIDAD DE);10. Tráfico de drogas;enero-marzo 2023;805
MADRID (COMUNIDAD DE);10. Tráfico de drogas;enero-marzo 2024;805
MADRID (COMUNIDAD DE);10. Tráfico de drogas;Variación % 2024/2023;0,0
MADRID (COMUNIDAD DE);11. Resto de criminalidad convencional;enero-marzo 2023;40.637
MADRID (COMUNIDAD DE);11. Resto de criminalidad convencional;enero-marzo 2024;41.080
MADRID (COMUNIDAD DE);11. Resto de criminalidad convencional;Variación % 2024/2023;1,1
MADRID (COMUNIDAD DE);II. CIBERCRIMINALIDAD (infracciones penales cometidas en/por medio ciber);enero-marzo 2023;17.882
MADRID (COMUNIDAD DE);II. CIBERCRIMINALIDAD (infracciones penales cometidas en/por medio ciber);enero-marzo 2024;19.569
MADRID (COMUNIDAD DE);II. CIBERCRIMINALIDAD (infracciones penales cometidas en/por medio ciber);Variación % 2024/2023;9,4
MADRID (COMUNIDAD DE);12.-Estafas informáticas;enero-marzo 2023;16.183
MADRID (COMUNIDAD DE);12.-Estafas informáticas;enero-marzo 2024;17.523
MADRID (COMUNIDAD DE);12.-Estafas informáticas;Variación % 2024/2023;8,3
MADRID (COMUNIDAD DE);13.-Otros ciberdelitos;enero-marzo 2023;1.699
MADRID (COMUNIDAD DE);13.-Otros ciberdelitos;enero-marzo 2024;2.046
MADRID (COMUNIDAD DE);13.-Otros ciberdelitos;Variación % 2024/2023;20,4
MADRID (COMUNIDAD DE);III. TOTAL INFRACCIONES PENALES;enero-marzo 2023;103.091
MADRID (COMUNIDAD DE);III. TOTAL INFRACCIONES PENALES;enero-marzo 2024;102.918
MADRID (COMUNIDAD DE);III. TOTAL INFRACCIONES PENALES;Variación % 2024/2023;-0,2
MURCIA (REGIÓN DE);I. CRIMINALIDAD CONVENCIONAL;enero-marzo 2023;15.090
MURCIA (REGIÓN DE);I. CRIMINALIDAD CONVENCIONAL;enero-marzo 2024;14.591
MURCIA (REGIÓN DE);I. CRIMINALIDAD CONVENCIONAL;Variación % 2024/2023;-3,3
MURCIA (REGIÓN DE);1. Homicidios dolosos y asesinatos consumados;enero-marzo 2023;1
MURCIA (REGIÓN DE);1. Homicidios dolosos y asesinatos consumados;enero-marzo 2024;2
MURCIA (REGIÓN DE);1. Homicidios dolosos y asesinatos consumados;Variación % 2024/2023;100,0
MURCIA (REGIÓN DE);2. Homicidios dolosos y asesinatos en grado tentativa;enero-marzo 2023;15
MURCIA (REGIÓN DE);2. Homicidios dolosos y asesinatos en grado tentativa;enero-marzo 2024;18
MURCIA (REGIÓN DE);2. Homicidios dolosos y asesinatos en grado tentativa;Variación % 2024/2023;20,0
MURCIA (REGIÓN DE);3. Delitos graves y menos graves de lesiones y riña tumultuaria;enero-marzo 2023;227
MURCIA (REGIÓN DE);3. Delitos graves y menos graves de lesiones y riña tumultuaria;enero-marzo 2024;265
MURCIA (REGIÓN DE);3. Delitos graves y menos graves de lesiones y riña tumultuaria;Variación % 2024/2023;16,7
MURCIA (REGIÓN DE);4. Secuestro;enero-marzo 2023;0
MURCIA (REGIÓN DE);4. Secuestro;enero-marzo 2024;1
MURCIA (REGIÓN DE);4. Secuestro;Variación % 2024/2023;100,0
MURCIA (REGIÓN DE);5. Delitos contra la libertad sexual;enero-marzo 2023;143
MURCIA (REGIÓN DE);5. Delitos contra la libertad sexual;enero-marzo 2024;175
MURCIA (REGIÓN DE);5. Delitos contra la libertad sexual;Variación % 2024/2023;22,4
MURCIA (REGIÓN DE);5.1.-Agresión sexual con penetración;enero-marzo 2023;17
MURCIA (REGIÓN DE);5.1.-Agresión sexual con penetración;enero-marzo 2024;24
MURCIA (REGIÓN DE);5.1.-Agresión sexual con penetración;Variación % 2024/2023;41,2
MURCIA (REGIÓN DE);5.2.-Resto de delitos contra la libertad sexual;enero-marzo 2023;126
MURCIA (REGIÓN DE);5.2.-Resto de delitos contra la libertad sexual;enero-marzo 2024;151
MURCIA (REGIÓN DE);5.2.-Resto de delitos contra la libertad sexual;Variación % 2024/2023;19,8
MURCIA (REGIÓN DE);6. Robos con violencia e intimidación;enero-marzo 2023;519
MURCIA (REGIÓN DE);6. Robos con violencia e intimidación;enero-marzo 2024;488
MURCIA (REGIÓN DE);6. Robos con violencia e intimidación;Variación % 2024/2023;-6,0
MURCIA (REGIÓN DE);7. Robos con fuerza en domicilios, establecimientos y otras instalaciones;enero-marzo 2023;1.589
MURCIA (REGIÓN DE);7. Robos con fuerza en domicilios, establecimientos y otras instalaciones;enero-marzo 2024;1.364
MURCIA (REGIÓN DE);7. Robos con fuerza en domicilios, establecimientos y otras instalaciones;Variación % 2024/2023;-14,2
MURCIA (REGIÓN DE);7.1.-Robos con fuerza en domicilios;enero-marzo 2023;1.121
MURCIA (REGIÓN DE);7.1.-Robos con fuerza en domicilios;enero-marzo 2024;1.048
MURCIA (REGIÓN DE);7.1.-Robos con fuerza en domicilios;Variación % 2024/2023;-6,5
MURCIA (REGIÓN DE);8. Hurtos;enero-marzo 2023;4.225
MURCIA (REGIÓN DE);8. Hurtos;enero-marzo 2024;3.933
MURCIA (REGIÓN DE);8. Hurtos;Variación % 2024/2023;-6,9
MURCIA (REGIÓN DE);9. Sustracciones de vehículos;enero-marzo 2023;235
MURCIA (REGIÓN DE);9. Sustracciones de vehículos;enero-marzo 2024;214
MURCIA (REGIÓN DE);9. Sustracciones de vehículos;Variación % 2024/2023;-8,9
MURCIA (REGIÓN DE);10. Tráfico de drogas;enero-marzo 2023;143
MURCIA (REGIÓN DE);10. Tráfico de drogas;enero-marzo 2024;132
MURCIA (REGIÓN DE);10. Tráfico de drogas;Variación % 2024/2023;-7,7
MURCIA (REGIÓN DE);11. Resto de criminalidad convencional;enero-marzo 2023;7.993
MURCIA (REGIÓN DE);11. Resto de criminalidad convencional;enero-marzo 2024;7.999
MURCIA (REGIÓN DE);11. Resto de criminalidad convencional;Variación % 2024/2023;0,1
MURCIA (REGIÓN DE);II. CIBERCRIMINALIDAD (infracciones penales cometidas en/por medio ciber);enero-marzo 2023;3.034
MURCIA (REGIÓN DE);II. CIBERCRIMINALIDAD (infracciones penales cometidas en/por medio ciber);enero-marzo 2024;3.479
MURCIA (REGIÓN DE);II. CIBERCRIMINALIDAD (infracciones penales cometidas en/por medio ciber);Variación % 2024/2023;14,7
MURCIA (REGIÓN DE);12.-Estafas informáticas;enero-marzo 2023;2.619
MURCIA (REGIÓN DE);12.-Estafas informáticas;enero-marzo 2024;2.996
MURCIA (REGIÓN DE);12.-Estafas informáticas;Variación % 2024/2023;14,4
MURCIA (REGIÓN DE);13.-Otros ciberdelitos;enero-marzo 2023;415
MURCIA (REGIÓN DE);13.-Otros ciberdelitos;enero-marzo 2024;483
MURCIA (REGIÓN DE);13.-Otros ciberdelitos;Variación % 2024/2023;16,4
MURCIA (REGIÓN DE);III. TOTAL INFRACCIONES PENALES;enero-marzo 2023;18.124
MURCIA (REGIÓN DE);III. TOTAL INFRACCIONES PENALES;enero-marzo 2024;18.070
MURCIA (REGIÓN DE);III. TOTAL INFRACCIONES PENALES;Variación % 2024/2023;-0,3
NAVARRA (COMUNIDAD FORAL DE);I. CRIMINALIDAD CONVENCIONAL;enero-marzo 2023;6.182
NAVARRA (COMUNIDAD FORAL DE);I. CRIMINALIDAD CONVENCIONAL;enero-marzo 2024;6.649
NAVARRA (COMUNIDAD FORAL DE);I. CRIMINALIDAD CONVENCIONAL;Variación % 2024/2023;7,6
NAVARRA (COMUNIDAD FORAL DE);1. Homicidios dolosos y asesinatos consumados;enero-marzo 2023;1
NAVARRA (COMUNIDAD FORAL DE);1. Homicidios dolosos y asesinatos consumados;enero-marzo 2024;0
NAVARRA (COMUNIDAD FORAL DE);1. Homicidios dolosos y asesinatos consumados;Variación % 2024/2023;-100,0
NAVARRA (COMUNIDAD FORAL DE);2. Homicidios dolosos y asesinatos en grado tentativa;enero-marzo 2023;5
NAVARRA (COMUNIDAD FORAL DE);2. Homicidios dolosos y asesinatos en grado tentativa;enero-marzo 2024;3
NAVARRA (COMUNIDAD FORAL DE);2. Homicidios dolosos y asesinatos en grado tentativa;Variación % 2024/2023;-40,0
NAVARRA (COMUNIDAD FORAL DE);3. Delitos graves y menos graves de lesiones y riña tumultuaria;enero-marzo 2023;80
NAVARRA (COMUNIDAD FORAL DE);3. Delitos graves y menos graves de lesiones y riña tumultuaria;enero-marzo 2024;90
NAVARRA (COMUNIDAD FORAL DE);3. Delitos graves y menos graves de lesiones y riña tumultuaria;Variación % 2024/2023;12,5
NAVARRA (COMUNIDAD FORAL DE);4. Secuestro;enero-marzo 2023;0
NAVARRA (COMUNIDAD FORAL DE);4. Secuestro;enero-marzo 2024;0
NAVARRA (COMUNIDAD FORAL DE);4. Secuestro;Variación % 2024/2023;0,0
NAVARRA (COMUNIDAD FORAL DE);5. Delitos contra la libertad sexual;enero-marzo 2023;86
NAVARRA (COMUNIDAD FORAL DE);5. Delitos contra la libertad sexual;enero-marzo 2024;92
NAVARRA (COMUNIDAD FORAL DE);5. Delitos contra la libertad sexual;Variación % 2024/2023;7,0
NAVARRA (COMUNIDAD FORAL DE);5.1.-Agresión sexual con penetración;enero-marzo 2023;19
NAVARRA (COMUNIDAD FORAL DE);5.1.-Agresión sexual con penetración;enero-marzo 2024;10
NAVARRA (COMUNIDAD FORAL DE);5.1.-Agresión sexual con penetración;Variación % 2024/2023;-47,4
NAVARRA (COMUNIDAD FORAL DE);5.2.-Resto de delitos contra la libertad sexual;enero-marzo 2023;67
NAVARRA (COMUNIDAD FORAL DE);5.2.-Resto de delitos contra la libertad sexual;enero-marzo 2024;82
NAVARRA (COMUNIDAD FORAL DE);5.2.-Resto de delitos contra la libertad sexual;Variación % 2024/2023;22,4
NAVARRA (COMUNIDAD FORAL DE);6. Robos con violencia e intimidación;enero-marzo 2023;98
NAVARRA (COMUNIDAD FORAL DE);6. Robos con violencia e intimidación;enero-marzo 2024;89
NAVARRA (COMUNIDAD FORAL DE);6. Robos con violencia e intimidación;Variación % 2024/2023;-9,2
NAVARRA (COMUNIDAD FORAL DE);7. Robos con fuerza en domicilios, establecimientos y otras instalaciones;enero-marzo 2023;415
NAVARRA (COMUNIDAD FORAL DE);7. Robos con fuerza en domicilios, establecimientos y otras instalaciones;enero-marzo 2024;366
NAVARRA (COMUNIDAD FORAL DE);7. Robos con fuerza en domicilios, establecimientos y otras instalaciones;Variación % 2024/2023;-11,8
NAVARRA (COMUNIDAD FORAL DE);7.1.-Robos con fuerza en domicilios;enero-marzo 2023;268
NAVARRA (COMUNIDAD FORAL DE);7.1.-Robos con fuerza en domicilios;enero-marzo 2024;232
NAVARRA (COMUNIDAD FORAL DE);7.1.-Robos con fuerza en domicilios;Variación % 2024/2023;-13,4
NAVARRA (COMUNIDAD FORAL DE);8. Hurtos;enero-marzo 2023;1.687
NAVARRA (COMUNIDAD FORAL DE);8. Hurtos;enero-marzo 2024;1.585
NAVARRA (COMUNIDAD FORAL DE);8. Hurtos;Variación % 2024/2023;-6,0
NAVARRA (COMUNIDAD FORAL DE);9. Sustracciones de vehículos;enero-marzo 2023;40
NAVARRA (COMUNIDAD FORAL DE);9. Sustracciones de vehículos;enero-marzo 2024;32
NAVARRA (COMUNIDAD FORAL DE);9. Sustracciones de vehículos;Variación % 2024/2023;-20,0
NAVARRA (COMUNIDAD FORAL DE);10. Tráfico de drogas;enero-marzo 2023;35
NAVARRA (COMUNIDAD FORAL DE);10. Tráfico de drogas;enero-marzo 2024;50
NAVARRA (COMUNIDAD FORAL DE);10. Tráfico de drogas;Variación % 2024/2023;42,9
NAVARRA (COMUNIDAD FORAL DE);11. Resto de criminalidad convencional;enero-marzo 2023;3.735
NAVARRA (COMUNIDAD FORAL DE);11. Resto de criminalidad convencional;enero-marzo 2024;4.342
NAVARRA (COMUNIDAD FORAL DE);11. Resto de criminalidad convencional;Variación % 2024/2023;16,3
NAVARRA (COMUNIDAD FORAL DE);II. CIBERCRIMINALIDAD (infracciones penales cometidas en/por medio ciber);enero-marzo 2023;1.883
NAVARRA (COMUNIDAD FORAL DE);II. CIBERCRIMINALIDAD (infracciones penales cometidas en/por medio ciber);enero-marzo 2024;1.772
NAVARRA (COMUNIDAD FORAL DE);II. CIBERCRIMINALIDAD (infracciones penales cometidas en/por medio ciber);Variación % 2024/2023;-5,9
NAVARRA (COMUNIDAD FORAL DE);12.-Estafas informáticas;enero-marzo 2023;1.672
NAVARRA (COMUNIDAD FORAL DE);12.-Estafas informáticas;enero-marzo 2024;1.553
NAVARRA (COMUNIDAD FORAL DE);12.-Estafas informáticas;Variación % 2024/2023;-7,1
NAVARRA (COMUNIDAD FORAL DE);13.-Otros ciberdelitos;enero-marzo 2023;211
NAVARRA (COMUNIDAD FORAL DE);13.-Otros ciberdelitos;enero-marzo 2024;219
NAVARRA (COMUNIDAD FORAL DE);13.-Otros ciberdelitos;Variación % 2024/2023;3,8
NAVARRA (COMUNIDAD FORAL DE);III. TOTAL INFRACCIONES PENALES;enero-marzo 2023;8.065
NAVARRA (COMUNIDAD FORAL DE);III. TOTAL INFRACCIONES PENALES;enero-marzo 2024;8.421
NAVARRA (COMUNIDAD FORAL DE);III. TOTAL INFRACCIONES PENALES;Variación % 2024/2023;4,4
PAÍS VASCO;I. CRIMINALIDAD CONVENCIONAL;enero-marzo 2023;20.128
PAÍS VASCO;I. CRIMINALIDAD CONVENCIONAL;enero-marzo 2024;19.690
PAÍS VASCO;I. CRIMINALIDAD CONVENCIONAL;Variación % 2024/2023;-2,2
PAÍS VASCO;1. Homicidios dolosos y asesinatos consumados;enero-marzo 2023;0
PAÍS VASCO;1. Homicidios dolosos y asesinatos consumados;enero-marzo 2024;0
PAÍS VASCO;1. Homicidios dolosos y asesinatos consumados;Variación % 2024/2023;0,0
PAÍS VASCO;2. Homicidios dolosos y asesinatos en grado tentativa;enero-marzo 2023;8
PAÍS VASCO;2. Homicidios dolosos y asesinatos en grado tentativa;enero-marzo 2024;15
PAÍS VASCO;2. Homicidios dolosos y asesinatos en grado tentativa;Variación % 2024/2023;87,5
PAÍS VASCO;3. Delitos graves y menos graves de lesiones y riña tumultuaria;enero-marzo 2023;333
PAÍS VASCO;3. Delitos graves y menos graves de lesiones y riña tumultuaria;enero-marzo 2024;429
PAÍS VASCO;3. Delitos graves y menos graves de lesiones y riña tumultuaria;Variación % 2024/2023;28,8
PAÍS VASCO;4. Secuestro;enero-marzo 2023;1
PAÍS VASCO;4. Secuestro;enero-marzo 2024;1
PAÍS VASCO;4. Secuestro;Variación % 2024/2023;0,0
PAÍS VASCO;5. Delitos contra la libertad sexual;enero-marzo 2023;160
PAÍS VASCO;5. Delitos contra la libertad sexual;enero-marzo 2024;231
PAÍS VASCO;5. Delitos contra la libertad sexual;Variación % 2024/2023;44,4
PAÍS VASCO;5.1.-Agresión sexual con penetración;enero-marzo 2023;54
PAÍS VASCO;5.1.-Agresión sexual con penetración;enero-marzo 2024;75
PAÍS VASCO;5.1.-Agresión sexual con penetración;Variación % 2024/2023;38,9
PAÍS VASCO;5.2.-Resto de delitos contra la libertad sexual;enero-marzo 2023;106
PAÍS VASCO;5.2.-Resto de delitos contra la libertad sexual;enero-marzo 2024;156
PAÍS VASCO;5.2.-Resto de delitos contra la libertad sexual;Variación % 2024/2023;47,2
PAÍS VASCO;6. Robos con violencia e intimidación;enero-marzo 2023;435
PAÍS VASCO;6. Robos con violencia e intimidación;enero-marzo 2024;440
PAÍS VASCO;6. Robos con violencia e intimidación;Variación % 2024/2023;1,1
PAÍS VASCO;7. Robos con fuerza en domicilios, establecimientos y otras instalaciones;enero-marzo 2023;1.754
PAÍS VASCO;7. Robos con fuerza en domicilios, establecimientos y otras instalaciones;enero-marzo 2024;1.328
PAÍS VASCO;7. Robos con fuerza en domicilios, establecimientos y otras instalaciones;Variación % 2024/2023;-24,3
PAÍS VASCO;7.1.-Robos con fuerza en domicilios;enero-marzo 2023;1.042
PAÍS VASCO;7.1.-Robos con fuerza en domicilios;enero-marzo 2024;835
PAÍS VASCO;7.1.-Robos con fuerza en domicilios;Variación % 2024/2023;-19,9
PAÍS VASCO;8. Hurtos;enero-marzo 2023;7.950
PAÍS VASCO;8. Hurtos;enero-marzo 2024;7.413
PAÍS VASCO;8. Hurtos;Variación % 2024/2023;-6,8
PAÍS VASCO;9. Sustracciones de vehículos;enero-marzo 2023;155
PAÍS VASCO;9. Sustracciones de vehículos;enero-marzo 2024;162
PAÍS VASCO;9. Sustracciones de vehículos;Variación % 2024/2023;4,5
PAÍS VASCO;10. Tráfico de drogas;enero-marzo 2023;169
PAÍS VASCO;10. Tráfico de drogas;enero-marzo 2024;194
PAÍS VASCO;10. Tráfico de drogas;Variación % 2024/2023;14,8
PAÍS VASCO;11. Resto de criminalidad convencional;enero-marzo 2023;9.163
PAÍS VASCO;11. Resto de criminalidad convencional;enero-marzo 2024;9.477
PAÍS VASCO;11. Resto de criminalidad convencional;Variación % 2024/2023;3,4
PAÍS VASCO;II. CIBERCRIMINALIDAD (infracciones penales cometidas en/por medio ciber);enero-marzo 2023;6.284
PAÍS VASCO;II. CIBERCRIMINALIDAD (infracciones penales cometidas en/por medio ciber);enero-marzo 2024;7.191
PAÍS VASCO;II. CIBERCRIMINALIDAD (infracciones penales cometidas en/por medio ciber);Variación % 2024/2023;14,4
PAÍS VASCO;12.-Estafas informáticas;enero-marzo 2023;5.532
PAÍS VASCO;12.-Estafas informáticas;enero-marzo 2024;6.494
PAÍS VASCO;12.-Estafas informáticas;Variación % 2024/2023;17,4
PAÍS VASCO;13.-Otros ciberdelitos;enero-marzo 2023;752
PAÍS VASCO;13.-Otros ciberdelitos;enero-marzo 2024;697
PAÍS VASCO;13.-Otros ciberdelitos;Variación % 2024/2023;-7,3
PAÍS VASCO;III. TOTAL INFRACCIONES PENALES;enero-marzo 2023;26.412
PAÍS VASCO;III. TOTAL INFRACCIONES PENALES;enero-marzo 2024;26.881
PAÍS VASCO;III. TOTAL INFRACCIONES PENALES;Variación % 2024/2023;1,8
RIOJA (LA);I. CRIMINALIDAD CONVENCIONAL;enero-marzo 2023;2.345
RIOJA (LA);I. CRIMINALIDAD CONVENCIONAL;enero-marzo 2024;2.313
RIOJA (LA);I. CRIMINALIDAD CONVENCIONAL;Variación % 2024/2023;-1,4
RIOJA (LA);1. Homicidios dolosos y asesinatos consumados;enero-marzo 2023;0
RIOJA (LA);1. Homicidios dolosos y asesinatos consumados;enero-marzo 2024;1
RIOJA (LA);1. Homicidios dolosos y asesinatos consumados;Variación % 2024/2023;100,0
RIOJA (LA);2. Homicidios dolosos y asesinatos en grado tentativa;enero-marzo 2023;1
RIOJA (LA);2. Homicidios dolosos y asesinatos en grado tentativa;enero-marzo 2024;3
RIOJA (LA);2. Homicidios dolosos y asesinatos en grado tentativa;Variación % 2024/2023;200,0
RIOJA (LA);3. Delitos graves y menos graves de lesiones y riña tumultuaria;enero-marzo 2023;36
RIOJA (LA);3. Delitos graves y menos graves de lesiones y riña tumultuaria;enero-marzo 2024;59
RIOJA (LA);3. Delitos graves y menos graves de lesiones y riña tumultuaria;Variación % 2024/2023;63,9
RIOJA (LA);4. Secuestro;enero-marzo 2023;1
RIOJA (LA);4. Secuestro;enero-marzo 2024;0
RIOJA (LA);4. Secuestro;Variación % 2024/2023;-100,0
RIOJA (LA);5. Delitos contra la libertad sexual;enero-marzo 2023;28
RIOJA (LA);5. Delitos contra la libertad sexual;enero-marzo 2024;30
RIOJA (LA);5. Delitos contra la libertad sexual;Variación % 2024/2023;7,1
RIOJA (LA);5.1.-Agresión sexual con penetración;enero-marzo 2023;5
RIOJA (LA);5.1.-Agresión sexual con penetración;enero-marzo 2024;5
RIOJA (LA);5.1.-Agresión sexual con penetración;Variación % 2024/2023;0,0
RIOJA (LA);5.2.-Resto de delitos contra la libertad sexual;enero-marzo 2023;23
RIOJA (LA);5.2.-Resto de delitos contra la libertad sexual;enero-marzo 2024;25
RIOJA (LA);5.2.-Resto de delitos contra la libertad sexual;Variación % 2024/2023;8,7
RIOJA (LA);6. Robos con violencia e intimidación;enero-marzo 2023;28
RIOJA (LA);6. Robos con violencia e intimidación;enero-marzo 2024;27
RIOJA (LA);6. Robos con violencia e intimidación;Variación % 2024/2023;-3,6
RIOJA (LA);7. Robos con fuerza en domicilios, establecimientos y otras instalaciones;enero-marzo 2023;189
RIOJA (LA);7. Robos con fuerza en domicilios, establecimientos y otras instalaciones;enero-marzo 2024;205
RIOJA (LA);7. Robos con fuerza en domicilios, establecimientos y otras instalaciones;Variación % 2024/2023;8,5
RIOJA (LA);7.1.-Robos con fuerza en domicilios;enero-marzo 2023;157
RIOJA (LA);7.1.-Robos con fuerza en domicilios;enero-marzo 2024;154
RIOJA (LA);7.1.-Robos con fuerza en domicilios;Variación % 2024/2023;-1,9
RIOJA (LA);8. Hurtos;enero-marzo 2023;740
RIOJA (LA);8. Hurtos;enero-marzo 2024;656
RIOJA (LA);8. Hurtos;Variación % 2024/2023;-11,4
RIOJA (LA);9. Sustracciones de vehículos;enero-marzo 2023;13
RIOJA (LA);9. Sustracciones de vehículos;enero-marzo 2024;21
RIOJA (LA);9. Sustracciones de vehículos;Variación % 2024/2023;61,5
RIOJA (LA);10. Tráfico de drogas;enero-marzo 2023;25
RIOJA (LA);10. Tráfico de drogas;enero-marzo 2024;12
RIOJA (LA);10. Tráfico de drogas;Variación % 2024/2023;-52,0
RIOJA (LA);11. Resto de criminalidad convencional;enero-marzo 2023;1.284
RIOJA (LA);11. Resto de criminalidad convencional;enero-marzo 2024;1.299
RIOJA (LA);11. Resto de criminalidad convencional;Variación % 2024/2023;1,2
RIOJA (LA);II. CIBERCRIMINALIDAD (infracciones penales cometidas en/por medio ciber);enero-marzo 2023;674
RIOJA (LA);II. CIBERCRIMINALIDAD (infracciones penales cometidas en/por medio ciber);enero-marzo 2024;524
RIOJA (LA);II. CIBERCRIMINALIDAD (infracciones penales cometidas en/por medio ciber);Variación % 2024/2023;-22,3
RIOJA (LA);12.-Estafas informáticas;enero-marzo 2023;594
RIOJA (LA);12.-Estafas informáticas;enero-marzo 2024;417
RIOJA (LA);12.-Estafas informáticas;Variación % 2024/2023;-29,8
RIOJA (LA);13.-Otros ciberdelitos;enero-marzo 2023;80
RIOJA (LA);13.-Otros ciberdelitos;enero-marzo 2024;107
RIOJA (LA);13.-Otros ciberdelitos;Variación % 2024/2023;33,8
RIOJA (LA);III. TOTAL INFRACCIONES PENALES;enero-marzo 2023;3.019
RIOJA (LA);III. TOTAL INFRACCIONES PENALES;enero-marzo 2024;2.837
RIOJA (LA);III. TOTAL INFRACCIONES PENALES;Variación % 2024/2023;-6,0
CIUDAD AUTÓNOMA DE CEUTA;I. CRIMINALIDAD CONVENCIONAL;enero-marzo 2023;674
CIUDAD AUTÓNOMA DE CEUTA;I. CRIMINALIDAD CONVENCIONAL;enero-marzo 2024;663
CIUDAD AUTÓNOMA DE CEUTA;I. CRIMINALIDAD CONVENCIONAL;Variación % 2024/2023;-1,6
CIUDAD AUTÓNOMA DE CEUTA;1. Homicidios dolosos y asesinatos consumados;enero-marzo 2023;5
CIUDAD AUTÓNOMA DE CEUTA;1. Homicidios dolosos y asesinatos consumados;enero-marzo 2024;0
CIUDAD AUTÓNOMA DE CEUTA;1. Homicidios dolosos y asesinatos consumados;Variación % 2024/2023;-100,0
CIUDAD AUTÓNOMA DE CEUTA;2. Homicidios dolosos y asesinatos en grado tentativa;enero-marzo 2023;2
CIUDAD AUTÓNOMA DE CEUTA;2. Homicidios dolosos y asesinatos en grado tentativa;enero-marzo 2024;3
CIUDAD AUTÓNOMA DE CEUTA;2. Homicidios dolosos y asesinatos en grado tentativa;Variación % 2024/2023;50,0
CIUDAD AUTÓNOMA DE CEUTA;3. Delitos graves y menos graves de lesiones y riña tumultuaria;enero-marzo 2023;16
CIUDAD AUTÓNOMA DE CEUTA;3. Delitos graves y menos graves de lesiones y riña tumultuaria;enero-marzo 2024;15
CIUDAD AUTÓNOMA DE CEUTA;3. Delitos graves y menos graves de lesiones y riña tumultuaria;Variación % 2024/2023;-6,3
CIUDAD AUTÓNOMA DE CEUTA;4. Secuestro;enero-marzo 2023;0
CIUDAD AUTÓNOMA DE CEUTA;4. Secuestro;enero-marzo 2024;0
CIUDAD AUTÓNOMA DE CEUTA;4. Secuestro;Variación % 2024/2023;0,0
CIUDAD AUTÓNOMA DE CEUTA;5. Delitos contra la libertad sexual;enero-marzo 2023;10
CIUDAD AUTÓNOMA DE CEUTA;5. Delitos contra la libertad sexual;enero-marzo 2024;10
CIUDAD AUTÓNOMA DE CEUTA;5. Delitos contra la libertad sexual;Variación % 2024/2023;0,0
CIUDAD AUTÓNOMA DE CEUTA;5.1.-Agresión sexual con penetración;enero-marzo 2023;0
CIUDAD AUTÓNOMA DE CEUTA;5.1.-Agresión sexual con penetración;enero-marzo 2024;2
CIUDAD AUTÓNOMA DE CEUTA;5.1.-Agresión sexual con penetración;Variación % 2024/2023;100,0
CIUDAD AUTÓNOMA DE CEUTA;5.2.-Resto de delitos contra la libertad sexual;enero-marzo 2023;10
CIUDAD AUTÓNOMA DE CEUTA;5.2.-Resto de delitos contra la libertad sexual;enero-marzo 2024;8
CIUDAD AUTÓNOMA DE CEUTA;5.2.-Resto de delitos contra la libertad sexual;Variación % 2024/2023;-20,0
CIUDAD AUTÓNOMA DE CEUTA;6. Robos con violencia e intimidación;enero-marzo 2023;14
CIUDAD AUTÓNOMA DE CEUTA;6. Robos con violencia e intimidación;enero-marzo 2024;19
CIUDAD AUTÓNOMA DE CEUTA;6. Robos con violencia e intimidación;Variación % 2024/2023;35,7
CIUDAD AUTÓNOMA DE CEUTA;7. Robos con fuerza en domicilios, establecimientos y otras instalaciones;enero-marzo 2023;10
CIUDAD AUTÓNOMA DE CEUTA;7. Robos con fuerza en domicilios, establecimientos y otras instalaciones;enero-marzo 2024;12
CIUDAD AUTÓNOMA DE CEUTA;7. Robos con fuerza en domicilios, establecimientos y otras instalaciones;Variación % 2024/2023;20,0
CIUDAD AUTÓNOMA DE CEUTA;7.1.-Robos con fuerza en domicilios;enero-marzo 2023;5
CIUDAD AUTÓNOMA DE CEUTA;7.1.-Robos con fuerza en domicilios;enero-marzo 2024;8
CIUDAD AUTÓNOMA DE CEUTA;7.1.-Robos con fuerza en domicilios;Variación % 2024/2023;60,0
CIUDAD AUTÓNOMA DE CEUTA;8. Hurtos;enero-marzo 2023;121
CIUDAD AUTÓNOMA DE CEUTA;8. Hurtos;enero-marzo 2024;130
CIUDAD AUTÓNOMA DE CEUTA;8. Hurtos;Variación % 2024/2023;7,4
CIUDAD AUTÓNOMA DE CEUTA;9. Sustracciones de vehículos;enero-marzo 2023;22
CIUDAD AUTÓNOMA DE CEUTA;9. Sustracciones de vehículos;enero-marzo 2024;39
CIUDAD AUTÓNOMA DE CEUTA;9. Sustracciones de vehículos;Variación % 2024/2023;77,3
CIUDAD AUTÓNOMA DE CEUTA;10. Tráfico de drogas;enero-marzo 2023;29
CIUDAD AUTÓNOMA DE CEUTA;10. Tráfico de drogas;enero-marzo 2024;32
CIUDAD AUTÓNOMA DE CEUTA;10. Tráfico de drogas;Variación % 2024/2023;10,3
CIUDAD AUTÓNOMA DE CEUTA;11. Resto de criminalidad convencional;enero-marzo 2023;445
CIUDAD AUTÓNOMA DE CEUTA;11. Resto de criminalidad convencional;enero-marzo 2024;403
CIUDAD AUTÓNOMA DE CEUTA;11. Resto de criminalidad convencional;Variación % 2024/2023;-9,4
CIUDAD AUTÓNOMA DE CEUTA;II. CIBERCRIMINALIDAD (infracciones penales cometidas en/por medio ciber);enero-marzo 2023;123
CIUDAD AUTÓNOMA DE CEUTA;II. CIBERCRIMINALIDAD (infracciones penales cometidas en/por medio ciber);enero-marzo 2024;165
CIUDAD AUTÓNOMA DE CEUTA;II. CIBERCRIMINALIDAD (infracciones penales cometidas en/por medio ciber);Variación % 2024/2023;34,1
CIUDAD AUTÓNOMA DE CEUTA;12.-Estafas informáticas;enero-marzo 2023;109
CIUDAD AUTÓNOMA DE CEUTA;12.-Estafas informáticas;enero-marzo 2024;138
CIUDAD AUTÓNOMA DE CEUTA;12.-Estafas informáticas;Variación % 2024/2023;26,6
CIUDAD AUTÓNOMA DE CEUTA;13.-Otros ciberdelitos;enero-marzo 2023;14
CIUDAD AUTÓNOMA DE CEUTA;13.-Otros ciberdelitos;enero-marzo 2024;27
CIUDAD AUTÓNOMA DE CEUTA;13.-Otros ciberdelitos;Variación % 2024/2023;92,9
CIUDAD AUTÓNOMA DE CEUTA;III. TOTAL INFRACCIONES PENALES;enero-marzo 2023;797
CIUDAD AUTÓNOMA DE CEUTA;III. TOTAL INFRACCIONES PENALES;enero-marzo 2024;828
CIUDAD AUTÓNOMA DE CEUTA;III. TOTAL INFRACCIONES PENALES;Variación % 2024/2023;3,9
CIUDAD AUTÓNOMA DE MELILLA;I. CRIMINALIDAD CONVENCIONAL;enero-marzo 2023;882
CIUDAD AUTÓNOMA DE MELILLA;I. CRIMINALIDAD CONVENCIONAL;enero-marzo 2024;885
CIUDAD AUTÓNOMA DE MELILLA;I. CRIMINALIDAD CONVENCIONAL;Variación % 2024/2023;0,3
CIUDAD AUTÓNOMA DE MELILLA;1. Homicidios dolosos y asesinatos consumados;enero-marzo 2023;0
CIUDAD AUTÓNOMA DE MELILLA;1. Homicidios dolosos y asesinatos consumados;enero-marzo 2024;0
CIUDAD AUTÓNOMA DE MELILLA;1. Homicidios dolosos y asesinatos consumados;Variación % 2024/2023;0,0
CIUDAD AUTÓNOMA DE MELILLA;2. Homicidios dolosos y asesinatos en grado tentativa;enero-marzo 2023;0
CIUDAD AUTÓNOMA DE MELILLA;2. Homicidios dolosos y asesinatos en grado tentativa;enero-marzo 2024;1
CIUDAD AUTÓNOMA DE MELILLA;2. Homicidios dolosos y asesinatos en grado tentativa;Variación % 2024/2023;100,0
CIUDAD AUTÓNOMA DE MELILLA;3. Delitos graves y menos graves de lesiones y riña tumultuaria;enero-marzo 2023;20
CIUDAD AUTÓNOMA DE MELILLA;3. Delitos graves y menos graves de lesiones y riña tumultuaria;enero-marzo 2024;27
CIUDAD AUTÓNOMA DE MELILLA;3. Delitos graves y menos graves de lesiones y riña tumultuaria;Variación % 2024/2023;35,0
CIUDAD AUTÓNOMA DE MELILLA;4. Secuestro;enero-marzo 2023;0
CIUDAD AUTÓNOMA DE MELILLA;4. Secuestro;enero-marzo 2024;0
CIUDAD AUTÓNOMA DE MELILLA;4. Secuestro;Variación % 2024/2023;0,0
CIUDAD AUTÓNOMA DE MELILLA;5. Delitos contra la libertad sexual;enero-marzo 2023;9
CIUDAD AUTÓNOMA DE MELILLA;5. Delitos contra la libertad sexual;enero-marzo 2024;9
CIUDAD AUTÓNOMA DE MELILLA;5. Delitos contra la libertad sexual;Variación % 2024/2023;0,0
CIUDAD AUTÓNOMA DE MELILLA;5.1.-Agresión sexual con penetración;enero-marzo 2023;2
CIUDAD AUTÓNOMA DE MELILLA;5.1.-Agresión sexual con penetración;enero-marzo 2024;4
CIUDAD AUTÓNOMA DE MELILLA;5.1.-Agresión sexual con penetración;Variación % 2024/2023;100,0
CIUDAD AUTÓNOMA DE MELILLA;5.2.-Resto de delitos contra la libertad sexual;enero-marzo 2023;7
CIUDAD AUTÓNOMA DE MELILLA;5.2.-Resto de delitos contra la libertad sexual;enero-marzo 2024;5
CIUDAD AUTÓNOMA DE MELILLA;5.2.-Resto de delitos contra la libertad sexual;Variación % 2024/2023;-28,6
CIUDAD AUTÓNOMA DE MELILLA;6. Robos con violencia e intimidación;enero-marzo 2023;32
CIUDAD AUTÓNOMA DE MELILLA;6. Robos con violencia e intimidación;enero-marzo 2024;23
CIUDAD AUTÓNOMA DE MELILLA;6. Robos con violencia e intimidación;Variación % 2024/2023;-28,1
CIUDAD AUTÓNOMA DE MELILLA;7. Robos con fuerza en domicilios, establecimientos y otras instalaciones;enero-marzo 2023;35
CIUDAD AUTÓNOMA DE MELILLA;7. Robos con fuerza en domicilios, establecimientos y otras instalaciones;enero-marzo 2024;20
CIUDAD AUTÓNOMA DE MELILLA;7. Robos con fuerza en domicilios, establecimientos y otras instalaciones;Variación % 2024/2023;-42,9
CIUDAD AUTÓNOMA DE MELILLA;7.1.-Robos con fuerza en domicilios;enero-marzo 2023;18
CIUDAD AUTÓNOMA DE MELILLA;7.1.-Robos con fuerza en domicilios;enero-marzo 2024;11
CIUDAD AUTÓNOMA DE MELILLA;7.1.-Robos con fuerza en domicilios;Variación % 2024/2023;-38,9
CIUDAD AUTÓNOMA DE MELILLA;8. Hurtos;enero-marzo 2023;190
CIUDAD AUTÓNOMA DE MELILLA;8. Hurtos;enero-marzo 2024;160
CIUDAD AUTÓNOMA DE MELILLA;8. Hurtos;Variación % 2024/2023;-15,8
CIUDAD AUTÓNOMA DE MELILLA;9. Sustracciones de vehículos;enero-marzo 2023;11
CIUDAD AUTÓNOMA DE MELILLA;9. Sustracciones de vehículos;enero-marzo 2024;18
CIUDAD AUTÓNOMA DE MELILLA;9. Sustracciones de vehículos;Variación % 2024/2023;63,6
CIUDAD AUTÓNOMA DE MELILLA;10. Tráfico de drogas;enero-marzo 2023;13
CIUDAD AUTÓNOMA DE MELILLA;10. Tráfico de drogas;enero-marzo 2024;14
CIUDAD AUTÓNOMA DE MELILLA;10. Tráfico de drogas;Variación % 2024/2023;7,7
CIUDAD AUTÓNOMA DE MELILLA;11. Resto de criminalidad convencional;enero-marzo 2023;572
CIUDAD AUTÓNOMA DE MELILLA;11. Resto de criminalidad convencional;enero-marzo 2024;613
CIUDAD AUTÓNOMA DE MELILLA;11. Resto de criminalidad convencional;Variación % 2024/2023;7,2
CIUDAD AUTÓNOMA DE MELILLA;II. CIBERCRIMINALIDAD (infracciones penales cometidas en/por medio ciber);enero-marzo 2023;98
CIUDAD AUTÓNOMA DE MELILLA;II. CIBERCRIMINALIDAD (infracciones penales cometidas en/por medio ciber);enero-marzo 2024;132
CIUDAD AUTÓNOMA DE MELILLA;II. CIBERCRIMINALIDAD (infracciones penales cometidas en/por medio ciber);Variación % 2024/2023;34,7
CIUDAD AUTÓNOMA DE MELILLA;12.-Estafas informáticas;enero-marzo 2023;88
CIUDAD AUTÓNOMA DE MELILLA;12.-Estafas informáticas;enero-marzo 2024;109
CIUDAD AUTÓNOMA DE MELILLA;12.-Estafas informáticas;Variación % 2024/2023;23,9
CIUDAD AUTÓNOMA DE MELILLA;13.-Otros ciberdelitos;enero-marzo 2023;10
CIUDAD AUTÓNOMA DE MELILLA;13.-Otros ciberdelitos;enero-marzo 2024;23
CIUDAD AUTÓNOMA DE MELILLA;13.-Otros ciberdelitos;Variación % 2024/2023;130,0
CIUDAD AUTÓNOMA DE MELILLA;III. TOTAL INFRACCIONES PENALES;enero-marzo 2023;980
CIUDAD AUTÓNOMA DE MELILLA;III. TOTAL INFRACCIONES PENALES;enero-marzo 2024;1.017
CIUDAD AUTÓNOMA DE MELILLA;III. TOTAL INFRACCIONES PENALES;Variación % 2024/2023;3,8
EN EL EXTRANJERO;I. CRIMINALIDAD CONVENCIONAL;enero-marzo 2023;1.149
EN EL EXTRANJERO;I. CRIMINALIDAD CONVENCIONAL;enero-marzo 2024;1.190
EN EL EXTRANJERO;I. CRIMINALIDAD CONVENCIONAL;Variación % 2024/2023;3,6
EN EL EXTRANJERO;1. Homicidios dolosos y asesinatos consumados;enero-marzo 2023;0
EN EL EXTRANJERO;1. Homicidios dolosos y asesinatos consumados;enero-marzo 2024;0
EN EL EXTRANJERO;1. Homicidios dolosos y asesinatos consumados;Variación % 2024/2023;0,0
EN EL EXTRANJERO;2. Homicidios dolosos y asesinatos en grado tentativa;enero-marzo 2023;0
EN EL EXTRANJERO;2. Homicidios dolosos y asesinatos en grado tentativa;enero-marzo 2024;0
EN EL EXTRANJERO;2. Homicidios dolosos y asesinatos en grado tentativa;Variación % 2024/2023;0,0
EN EL EXTRANJERO;3. Delitos graves y menos graves de lesiones y riña tumultuaria;enero-marzo 2023;0
EN EL EXTRANJERO;3. Delitos graves y menos graves de lesiones y riña tumultuaria;enero-marzo 2024;2
EN EL EXTRANJERO;3. Delitos graves y menos graves de lesiones y riña tumultuaria;Variación % 2024/2023;100,0
EN EL EXTRANJERO;4. Secuestro;enero-marzo 2023;1
EN EL EXTRANJERO;4. Secuestro;enero-marzo 2024;2
EN EL EXTRANJERO;4. Secuestro;Variación % 2024/2023;100,0
EN EL EXTRANJERO;5. Delitos contra la libertad sexual;enero-marzo 2023;10
EN EL EXTRANJERO;5. Delitos contra la libertad sexual;enero-marzo 2024;30
EN EL EXTRANJERO;5. Delitos contra la libertad sexual;Variación % 2024/2023;200,0
EN EL EXTRANJERO;5.1.-Agresión sexual con penetración;enero-marzo 2023;4
EN EL EXTRANJERO;5.1.-Agresión sexual con penetración;enero-marzo 2024;11
EN EL EXTRANJERO;5.1.-Agresión sexual con penetración;Variación % 2024/2023;175,0
EN EL EXTRANJERO;5.2.-Resto de delitos contra la libertad sexual;enero-marzo 2023;6
EN EL EXTRANJERO;5.2.-Resto de delitos contra la libertad sexual;enero-marzo 2024;19
EN EL EXTRANJERO;5.2.-Resto de delitos contra la libertad sexual;Variación % 2024/2023;216,7
EN EL EXTRANJERO;6. Robos con violencia e intimidación;enero-marzo 2023;37
EN EL EXTRANJERO;6. Robos con violencia e intimidación;enero-marzo 2024;59
EN EL EXTRANJERO;6. Robos con violencia e intimidación;Variación % 2024/2023;59,5
EN EL EXTRANJERO;7. Robos con fuerza en domicilios, establecimientos y otras instalaciones;enero-marzo 2023;5
EN EL EXTRANJERO;7. Robos con fuerza en domicilios, establecimientos y otras instalaciones;enero-marzo 2024;4
EN EL EXTRANJERO;7. Robos con fuerza en domicilios, establecimientos y otras instalaciones;Variación % 2024/2023;-20,0
EN EL EXTRANJERO;7.1.-Robos con fuerza en domicilios;enero-marzo 2023;2
EN EL EXTRANJERO;7.1.-Robos con fuerza en domicilios;enero-marzo 2024;4
EN EL EXTRANJERO;7.1.-Robos con fuerza en domicilios;Variación % 2024/2023;100,0
EN EL EXTRANJERO;8. Hurtos;enero-marzo 2023;546
EN EL EXTRANJERO;8. Hurtos;enero-marzo 2024;597
EN EL EXTRANJERO;8. Hurtos;Variación % 2024/2023;9,3
EN EL EXTRANJERO;9. Sustracciones de vehículos;enero-marzo 2023;27
EN EL EXTRANJERO;9. Sustracciones de vehículos;enero-marzo 2024;28
EN EL EXTRANJERO;9. Sustracciones de vehículos;Variación % 2024/2023;3,7
EN EL EXTRANJERO;10. Tráfico de drogas;enero-marzo 2023;9
EN EL EXTRANJERO;10. Tráfico de drogas;enero-marzo 2024;16
EN EL EXTRANJERO;10. Tráfico de drogas;Variación % 2024/2023;77,8
EN EL EXTRANJERO;11. Resto de criminalidad convencional;enero-marzo 2023;514
EN EL EXTRANJERO;11. Resto de criminalidad convencional;enero-marzo 2024;452
EN EL EXTRANJERO;11. Resto de criminalidad convencional;Variación % 2024/2023;-12,1
EN EL EXTRANJERO;II. CIBERCRIMINALIDAD (infracciones penales cometidas en/por medio ciber);enero-marzo 2023;1.428
EN EL EXTRANJERO;II. CIBERCRIMINALIDAD (infracciones penales cometidas en/por medio ciber);enero-marzo 2024;1.109
EN EL EXTRANJERO;II. CIBERCRIMINALIDAD (infracciones penales cometidas en/por medio ciber);Variación % 2024/2023;-22,3
EN EL EXTRANJERO;12.-Estafas informáticas;enero-marzo 2023;1.341
EN EL EXTRANJERO;12.-Estafas informáticas;enero-marzo 2024;1.066
EN EL EXTRANJERO;12.-Estafas informáticas;Variación % 2024/2023;-20,5
EN EL EXTRANJERO;13.-Otros ciberdelitos;enero-marzo 2023;87
EN EL EXTRANJERO;13.-Otros ciberdelitos;enero-marzo 2024;43
EN EL EXTRANJERO;13.-Otros ciberdelitos;Variación % 2024/2023;-50,6
EN EL EXTRANJERO;III. TOTAL INFRACCIONES PENALES;enero-marzo 2023;2.577
EN EL EXTRANJERO;III. TOTAL INFRACCIONES PENALES;enero-marzo 2024;2.299
EN EL EXTRANJERO;III. TOTAL INFRACCIONES PENALES;Variación % 2024/2023;-10,8
